#node1	node2	node1_string_id	node2_string_id	neighborhood_on_chromosome	gene_fusion	phylogenetic_cooccurrence	homology	coexpression	experimentally_determined_interaction	database_annotated	automated_textmining	combined_score
ABL1	CCND1	9606.ENSP00000361423	9606.ENSP00000227507	0	0	0	0	0.067	0	0.400	0.577	0.742
ABL1	CDKN1B	9606.ENSP00000361423	9606.ENSP00000228872	0	0	0	0	0.086	0.296	0.400	0.420	0.746
ABL1	KRAS	9606.ENSP00000361423	9606.ENSP00000256078	0	0	0	0	0.074	0.110	0	0.669	0.703
ABL1	CDK4	9606.ENSP00000361423	9606.ENSP00000257904	0	0	0	0.607	0.097	0.098	0.400	0.511	0.729
ABL1	MDM2	9606.ENSP00000361423	9606.ENSP00000258149	0	0	0	0	0	0.628	0	0.732	0.896
ABL1	PIK3CA	9606.ENSP00000361423	9606.ENSP00000263967	0	0	0	0	0.049	0.069	0	0.754	0.763
ABL1	RB1	9606.ENSP00000361423	9606.ENSP00000267163	0	0	0	0	0.049	0.736	0.900	0.312	0.980
ABL1	TP53	9606.ENSP00000361423	9606.ENSP00000269305	0	0	0	0	0.056	0.292	0	0.875	0.909
ABL1	ERBB2	9606.ENSP00000361423	9606.ENSP00000269571	0	0	0	0.591	0.049	0.615	0	0.325	0.731
ABL1	EGFR	9606.ENSP00000361423	9606.ENSP00000275493	0	0	0	0.591	0.067	0.790	0	0.347	0.861
ABL1	ATM	9606.ENSP00000361423	9606.ENSP00000278616	0	0	0	0	0	0.820	0.750	0.774	0.988
ABL1	PRKDC	9606.ENSP00000361423	9606.ENSP00000313420	0	0	0	0	0.048	0.315	0	0.721	0.802
ABL1	SHC4	9606.ENSP00000361423	9606.ENSP00000329668	0	0	0	0.553	0	0.073	0.900	0.059	0.905
ABL1	PARP1	9606.ENSP00000361423	9606.ENSP00000355759	0	0	0	0	0.047	0.292	0	0.713	0.789
ABL1	CDKN2A	9606.ENSP00000361423	9606.ENSP00000418915	0	0	0	0	0	0.095	0	0.749	0.763
ABL1	HRAS	9606.ENSP00000361423	9606.ENSP00000407586	0	0	0	0	0.081	0.110	0	0.755	0.782
ABL1	MYC	9606.ENSP00000361423	9606.ENSP00000478887	0	0	0	0	0.087	0.045	0	0.774	0.785
ABL1	PIK3R1	9606.ENSP00000361423	9606.ENSP00000428056	0	0	0	0.551	0.062	0.793	0	0.203	0.832
ABL1	CDKN1A	9606.ENSP00000361423	9606.ENSP00000384849	0	0	0	0	0.105	0.296	0.400	0.716	0.878
ABL1	BRCA1	9606.ENSP00000361423	9606.ENSP00000418960	0	0	0	0	0	0.483	0.500	0.847	0.956
ABRAXAS1	NBN	9606.ENSP00000369857	9606.ENSP00000265433	0	0	0	0	0	0	0.500	0.566	0.773
ABRAXAS1	ATM	9606.ENSP00000369857	9606.ENSP00000278616	0	0	0	0	0.058	0	0.500	0.582	0.785
ABRAXAS1	BRCA2	9606.ENSP00000369857	9606.ENSP00000369497	0	0	0	0	0.048	0	0	0.754	0.755
ABRAXAS1	H2AX	9606.ENSP00000369857	9606.ENSP00000434024	0	0	0	0	0	0	0.500	0.574	0.777
ABRAXAS1	BRCA1	9606.ENSP00000369857	9606.ENSP00000418960	0	0	0	0	0.056	0.994	0.900	0.997	0.999
AR	CCND1	9606.ENSP00000363822	9606.ENSP00000227507	0	0	0	0	0.072	0.738	0	0.831	0.955
AR	MDM2	9606.ENSP00000363822	9606.ENSP00000258149	0	0	0	0	0	0.920	0	0.979	0.998
AR	RB1	9606.ENSP00000363822	9606.ENSP00000267163	0	0	0	0	0	0.629	0.500	0.397	0.878
AR	TP53	9606.ENSP00000363822	9606.ENSP00000269305	0	0	0	0	0	0.439	0	0.838	0.905
AR	ERBB2	9606.ENSP00000363822	9606.ENSP00000269571	0	0	0	0	0.058	0.092	0	0.772	0.788
AR	EGFR	9606.ENSP00000363822	9606.ENSP00000275493	0	0	0	0	0	0.536	0	0.720	0.864
AR	PGR	9606.ENSP00000363822	9606.ENSP00000325120	0	0	0	0.806	0.124	0	0.500	0.509	0.766
AR	E2F1	9606.ENSP00000363822	9606.ENSP00000345571	0	0	0	0	0	0.292	0	0.730	0.801
AR	PTEN	9606.ENSP00000363822	9606.ENSP00000361021	0	0	0	0	0	0.295	0	0.853	0.892
AR	MYC	9606.ENSP00000363822	9606.ENSP00000478887	0	0	0	0	0.053	0.045	0	0.695	0.700
AR	BRCA1	9606.ENSP00000363822	9606.ENSP00000418960	0	0	0	0	0	0.612	0	0.773	0.908
AR	ESR1	9606.ENSP00000363822	9606.ENSP00000405330	0	0	0	0.651	0.172	0	0	0.978	0.981
ARID1A	CCND1	9606.ENSP00000320485	9606.ENSP00000227507	0	0	0	0	0.076	0	0.500	0.507	0.752
ARID1A	MSH2	9606.ENSP00000320485	9606.ENSP00000233146	0	0	0	0	0.181	0	0	0.970	0.974
ARID1A	KRAS	9606.ENSP00000320485	9606.ENSP00000256078	0	0	0	0	0.049	0.068	0	0.869	0.873
ARID1A	CDK4	9606.ENSP00000320485	9606.ENSP00000257904	0	0	0	0	0.044	0	0.500	0.448	0.713
ARID1A	PIK3CA	9606.ENSP00000320485	9606.ENSP00000263967	0	0	0	0	0.067	0	0	0.911	0.913
ARID1A	RB1	9606.ENSP00000320485	9606.ENSP00000267163	0	0	0	0	0.044	0	0.720	0.265	0.786
ARID1A	TP53	9606.ENSP00000320485	9606.ENSP00000269305	0	0	0	0	0.067	0.292	0	0.945	0.961
ARID1A	CDKN2A	9606.ENSP00000320485	9606.ENSP00000418915	0	0	0	0	0	0	0	0.720	0.720
ARID1A	PTEN	9606.ENSP00000320485	9606.ENSP00000361021	0	0	0	0	0.057	0.073	0	0.729	0.743
ARID1A	PGR	9606.ENSP00000320485	9606.ENSP00000325120	0	0	0	0	0	0.317	0	0.652	0.752
ARID1A	BRCA1	9606.ENSP00000320485	9606.ENSP00000418960	0	0	0	0	0.049	0.439	0	0.657	0.801
ATM	CDKN1B	9606.ENSP00000278616	9606.ENSP00000228872	0	0	0	0	0.070	0	0	0.704	0.713
ATM	MLH1	9606.ENSP00000278616	9606.ENSP00000231790	0	0	0	0	0.055	0.287	0.540	0.991	0.997
ATM	MSH2	9606.ENSP00000278616	9606.ENSP00000233146	0	0	0	0	0.066	0.324	0.900	0.994	0.999
ATM	KRAS	9606.ENSP00000278616	9606.ENSP00000256078	0	0	0	0	0.063	0.071	0	0.702	0.718
ATM	CDK4	9606.ENSP00000278616	9606.ENSP00000257904	0	0	0	0	0	0.054	0.800	0.696	0.937
ATM	MDM2	9606.ENSP00000278616	9606.ENSP00000258149	0	0	0	0	0.092	0.621	0.750	0.955	0.995
ATM	HUS1	9606.ENSP00000278616	9606.ENSP00000258774	0	0	0	0	0.049	0.108	0.500	0.852	0.928
ATM	TOPBP1	9606.ENSP00000278616	9606.ENSP00000260810	0	0	0	0	0.096	0.534	0.500	0.810	0.954
ATM	NBN	9606.ENSP00000278616	9606.ENSP00000265433	0	0	0	0	0.049	0.989	0.900	0.935	0.999
ATM	PMS2	9606.ENSP00000278616	9606.ENSP00000265849	0	0	0	0	0.062	0	0.540	0.757	0.886
ATM	CDK2	9606.ENSP00000278616	9606.ENSP00000266970	0	0	0	0	0.042	0.054	0.800	0.834	0.966
ATM	TP53	9606.ENSP00000278616	9606.ENSP00000269305	0	0	0	0	0.103	0.928	0.900	0.975	0.999
ATM	ERBB2	9606.ENSP00000278616	9606.ENSP00000269571	0	0	0	0	0	0	0	0.748	0.748
ATM	NOTCH1	9606.ENSP00000278616	9606.ENSP00000498587	0	0	0	0	0.042	0.314	0	0.612	0.723
ATM	NF1	9606.ENSP00000278616	9606.ENSP00000351015	0	0	0	0	0.158	0	0	0.694	0.732
ATM	E2F1	9606.ENSP00000278616	9606.ENSP00000345571	0	0	0	0	0	0.292	0	0.670	0.756
ATM	PLK1	9606.ENSP00000278616	9606.ENSP00000300093	0	0	0	0	0.042	0	0	0.767	0.768
ATM	FANCC	9606.ENSP00000278616	9606.ENSP00000289081	0	0	0	0	0	0	0	0.775	0.775
ATM	ABRAXAS1	9606.ENSP00000278616	9606.ENSP00000369857	0	0	0	0	0.058	0	0.500	0.582	0.785
ATM	LOC102723407	9606.ENSP00000278616	9606.ENSP00000478289	0	0	0	0	0	0	0	0.787	0.787
ATM	CDKN1A	9606.ENSP00000278616	9606.ENSP00000384849	0	0	0	0	0	0	0	0.807	0.807
ATM	XRCC2	9606.ENSP00000278616	9606.ENSP00000352271	0	0	0	0	0.062	0	0.500	0.644	0.818
ATM	CDKN2A	9606.ENSP00000278616	9606.ENSP00000418915	0	0	0	0	0.042	0.053	0	0.845	0.847
ATM	CDC25A	9606.ENSP00000278616	9606.ENSP00000303706	0	0	0	0	0	0.071	0	0.857	0.861
ATM	PMS1	9606.ENSP00000278616	9606.ENSP00000406490	0	0	0	0	0.111	0	0.540	0.692	0.863
ATM	MYC	9606.ENSP00000278616	9606.ENSP00000478887	0	0	0	0	0.060	0.129	0	0.855	0.871
ATM	PARP1	9606.ENSP00000278616	9606.ENSP00000355759	0	0	0	0	0.056	0.292	0	0.828	0.875
ATM	ZNF420	9606.ENSP00000278616	9606.ENSP00000338770	0	0	0	0	0.057	0	0.750	0.532	0.880
ATM	STK11	9606.ENSP00000278616	9606.ENSP00000324856	0	0	0	0	0.074	0.292	0	0.846	0.890
ATM	PTEN	9606.ENSP00000278616	9606.ENSP00000361021	0	0	0	0	0.087	0	0	0.892	0.897
ATM	XPA	9606.ENSP00000278616	9606.ENSP00000364270	0	0	0	0	0	0.292	0.540	0.740	0.908
ATM	RAD9A	9606.ENSP00000278616	9606.ENSP00000311360	0	0	0	0	0	0.473	0.500	0.865	0.961
ATM	PRKDC	9606.ENSP00000278616	9606.ENSP00000313420	0	0	0	0.548	0.158	0.413	0.900	0.489	0.971
ATM	ABL1	9606.ENSP00000278616	9606.ENSP00000361423	0	0	0	0	0	0.820	0.750	0.774	0.988
ATM	RAD50	9606.ENSP00000278616	9606.ENSP00000368100	0	0	0	0	0.105	0.730	0.900	0.635	0.990
ATM	BLM	9606.ENSP00000278616	9606.ENSP00000347232	0	0	0	0	0.108	0.726	0.800	0.846	0.991
ATM	BRCA2	9606.ENSP00000278616	9606.ENSP00000369497	0	0	0	0	0.048	0.313	0.800	0.971	0.995
ATM	H2AX	9606.ENSP00000278616	9606.ENSP00000434024	0	0	0	0	0	0.876	0.500	0.984	0.998
ATM	CHEK1	9606.ENSP00000278616	9606.ENSP00000391090	0	0	0	0	0.050	0.449	0.900	0.974	0.998
ATM	ATRIP	9606.ENSP00000278616	9606.ENSP00000323099	0	0	0	0	0.042	0.292	0.500	0.995	0.998
ATM	BRCA1	9606.ENSP00000278616	9606.ENSP00000418960	0	0	0	0	0.042	0.847	0.900	0.999	0.999
ATRIP	HUS1	9606.ENSP00000323099	9606.ENSP00000258774	0	0	0	0	0.067	0	0.500	0.949	0.974
ATRIP	TOPBP1	9606.ENSP00000323099	9606.ENSP00000260810	0	0	0	0	0.062	0.710	0.500	0.998	0.999
ATRIP	NBN	9606.ENSP00000323099	9606.ENSP00000265433	0	0	0	0	0.049	0.608	0.500	0.514	0.897
ATRIP	CDK2	9606.ENSP00000323099	9606.ENSP00000266970	0	0	0	0	0.067	0	0.500	0.557	0.775
ATRIP	TP53	9606.ENSP00000323099	9606.ENSP00000269305	0	0	0	0	0	0	0.400	0.744	0.840
ATRIP	ATM	9606.ENSP00000323099	9606.ENSP00000278616	0	0	0	0	0.042	0.292	0.500	0.995	0.998
ATRIP	CDC25A	9606.ENSP00000323099	9606.ENSP00000303706	0	0	0	0	0.080	0	0.500	0.521	0.760
ATRIP	RAD9A	9606.ENSP00000323099	9606.ENSP00000311360	0	0	0	0	0.081	0	0.500	0.985	0.992
ATRIP	PRKDC	9606.ENSP00000323099	9606.ENSP00000313420	0	0	0	0	0.049	0.292	0	0.963	0.973
ATRIP	BLM	9606.ENSP00000323099	9606.ENSP00000347232	0	0	0	0	0.097	0	0.500	0.399	0.704
ATRIP	BRCA2	9606.ENSP00000323099	9606.ENSP00000369497	0	0	0	0	0.049	0	0.500	0.598	0.792
ATRIP	BRCA1	9606.ENSP00000323099	9606.ENSP00000418960	0	0	0	0	0.074	0.777	0.500	0.761	0.972
ATRIP	CHEK1	9606.ENSP00000323099	9606.ENSP00000391090	0	0	0	0	0.054	0.191	0.700	0.927	0.981
BLM	MLH1	9606.ENSP00000347232	9606.ENSP00000231790	0.045	0	0	0	0.135	0.996	0.500	0.807	0.999
BLM	MSH2	9606.ENSP00000347232	9606.ENSP00000233146	0.047	0	0	0	0.291	0.638	0	0.664	0.907
BLM	CDK4	9606.ENSP00000347232	9606.ENSP00000257904	0	0	0	0	0.085	0.130	0.800	0.150	0.846
BLM	HUS1	9606.ENSP00000347232	9606.ENSP00000258774	0	0	0	0	0.049	0.292	0.500	0.432	0.783
BLM	TOPBP1	9606.ENSP00000347232	9606.ENSP00000260810	0	0	0	0	0.204	0.543	0.500	0.505	0.898
BLM	NBN	9606.ENSP00000347232	9606.ENSP00000265433	0	0	0	0	0.060	0.522	0.500	0.708	0.925
BLM	TP53	9606.ENSP00000347232	9606.ENSP00000269305	0	0	0	0	0.059	0.844	0.400	0.324	0.932
BLM	ATM	9606.ENSP00000347232	9606.ENSP00000278616	0	0	0	0	0.108	0.726	0.800	0.846	0.991
BLM	FANCC	9606.ENSP00000347232	9606.ENSP00000289081	0	0	0	0	0.067	0	0	0.825	0.829
BLM	RAD9A	9606.ENSP00000347232	9606.ENSP00000311360	0	0	0	0	0.087	0.129	0.500	0.408	0.733
BLM	ATRIP	9606.ENSP00000347232	9606.ENSP00000323099	0	0	0	0	0.097	0	0.500	0.399	0.704
BLM	MYC	9606.ENSP00000347232	9606.ENSP00000478887	0	0	0	0	0.055	0.394	0	0.531	0.708
BLM	XRCC2	9606.ENSP00000347232	9606.ENSP00000352271	0	0	0	0	0.170	0.292	0.500	0.367	0.789
BLM	H2AX	9606.ENSP00000347232	9606.ENSP00000434024	0	0	0	0	0.107	0.547	0.500	0.539	0.894
BLM	RAD50	9606.ENSP00000347232	9606.ENSP00000368100	0.052	0	0	0	0.103	0.724	0.500	0.423	0.920
BLM	CHEK1	9606.ENSP00000347232	9606.ENSP00000391090	0	0	0	0	0.440	0.540	0.500	0.538	0.932
BLM	BRCA2	9606.ENSP00000347232	9606.ENSP00000369497	0	0	0	0	0.342	0	0.800	0.551	0.935
BLM	BRCA1	9606.ENSP00000347232	9606.ENSP00000418960	0	0	0	0	0.437	0.691	0.500	0.742	0.974
BRCA1	CCND1	9606.ENSP00000418960	9606.ENSP00000227507	0	0	0	0	0	0.510	0	0.848	0.922
BRCA1	MLH1	9606.ENSP00000418960	9606.ENSP00000231790	0	0	0	0	0.087	0.835	0.540	0.930	0.994
BRCA1	MSH2	9606.ENSP00000418960	9606.ENSP00000233146	0	0	0	0	0.227	0.725	0.540	0.946	0.994
BRCA1	KRAS	9606.ENSP00000418960	9606.ENSP00000256078	0	0	0	0	0	0	0	0.721	0.721
BRCA1	CDK4	9606.ENSP00000418960	9606.ENSP00000257904	0	0	0	0	0.127	0.625	0.800	0.633	0.972
BRCA1	MDM2	9606.ENSP00000418960	9606.ENSP00000258149	0	0	0	0	0	0	0	0.794	0.794
BRCA1	HUS1	9606.ENSP00000418960	9606.ENSP00000258774	0	0	0	0	0.049	0.421	0.500	0.585	0.870
BRCA1	TOPBP1	9606.ENSP00000418960	9606.ENSP00000260810	0	0	0	0	0.280	0.994	0.540	0.900	0.999
BRCA1	PIK3CA	9606.ENSP00000418960	9606.ENSP00000263967	0	0	0	0	0	0	0	0.728	0.728
BRCA1	NBN	9606.ENSP00000418960	9606.ENSP00000265433	0	0	0	0	0.068	0.868	0.540	0.902	0.993
BRCA1	PMS2	9606.ENSP00000418960	9606.ENSP00000265849	0	0	0	0	0.085	0.238	0.540	0.864	0.950
BRCA1	CDK2	9606.ENSP00000418960	9606.ENSP00000266970	0	0	0	0	0.194	0.735	0.500	0.872	0.984
BRCA1	RB1	9606.ENSP00000418960	9606.ENSP00000267163	0	0	0	0	0.070	0.727	0	0.485	0.858
BRCA1	TP53	9606.ENSP00000418960	9606.ENSP00000269305	0	0	0	0	0.067	0.895	0.500	0.999	0.999
BRCA1	ERBB2	9606.ENSP00000418960	9606.ENSP00000269571	0	0	0	0	0	0	0	0.918	0.918
BRCA1	EGFR	9606.ENSP00000418960	9606.ENSP00000275493	0	0	0	0	0	0.103	0	0.786	0.800
BRCA1	ATM	9606.ENSP00000418960	9606.ENSP00000278616	0	0	0	0	0.042	0.847	0.900	0.999	0.999
BRCA1	FANCC	9606.ENSP00000418960	9606.ENSP00000289081	0	0	0	0	0.152	0.439	0	0.858	0.926
BRCA1	PLK1	9606.ENSP00000418960	9606.ENSP00000300093	0	0	0	0	0.235	0.781	0	0.783	0.960
BRCA1	CDC25A	9606.ENSP00000418960	9606.ENSP00000303706	0	0	0	0	0.236	0	0	0.911	0.929
BRCA1	RAD9A	9606.ENSP00000418960	9606.ENSP00000311360	0	0	0	0	0.074	0.421	0.500	0.656	0.895
BRCA1	PRKDC	9606.ENSP00000418960	9606.ENSP00000313420	0	0	0	0	0.210	0.292	0.540	0.846	0.955
BRCA1	ARID1A	9606.ENSP00000418960	9606.ENSP00000320485	0	0	0	0	0.049	0.439	0	0.657	0.801
BRCA1	ATRIP	9606.ENSP00000418960	9606.ENSP00000323099	0	0	0	0	0.074	0.777	0.500	0.761	0.972
BRCA1	STK11	9606.ENSP00000418960	9606.ENSP00000324856	0	0	0	0	0.069	0	0	0.732	0.740
BRCA1	PGR	9606.ENSP00000418960	9606.ENSP00000325120	0	0	0	0	0	0.512	0	0.928	0.963
BRCA1	E2F1	9606.ENSP00000418960	9606.ENSP00000345571	0	0	0	0	0.140	0.423	0	0.775	0.879
BRCA1	BLM	9606.ENSP00000418960	9606.ENSP00000347232	0	0	0	0	0.437	0.691	0.500	0.742	0.974
BRCA1	NF1	9606.ENSP00000418960	9606.ENSP00000351015	0	0	0	0	0.074	0.095	0	0.864	0.876
BRCA1	XRCC2	9606.ENSP00000418960	9606.ENSP00000352271	0	0	0	0	0.186	0	0.500	0.897	0.954
BRCA1	PARP1	9606.ENSP00000418960	9606.ENSP00000355759	0	0	0	0	0.085	0.596	0	0.935	0.974
BRCA1	PTEN	9606.ENSP00000418960	9606.ENSP00000361021	0	0	0	0	0.067	0	0	0.816	0.821
BRCA1	ABL1	9606.ENSP00000418960	9606.ENSP00000361423	0	0	0	0	0	0.483	0.500	0.847	0.956
BRCA1	AR	9606.ENSP00000418960	9606.ENSP00000363822	0	0	0	0	0	0.612	0	0.773	0.908
BRCA1	XPA	9606.ENSP00000418960	9606.ENSP00000364270	0	0	0	0	0	0	0.540	0.748	0.879
BRCA1	RAD50	9606.ENSP00000418960	9606.ENSP00000368100	0	0	0	0	0.072	0.994	0.540	0.762	0.999
BRCA1	BRCA2	9606.ENSP00000418960	9606.ENSP00000369497	0	0	0	0	0.383	0.896	0.900	0.999	0.999
BRCA1	ABRAXAS1	9606.ENSP00000418960	9606.ENSP00000369857	0	0	0	0	0.056	0.994	0.900	0.997	0.999
BRCA1	CDKN1A	9606.ENSP00000418960	9606.ENSP00000384849	0	0	0	0	0	0.292	0	0.742	0.809
BRCA1	CHEK1	9606.ENSP00000418960	9606.ENSP00000391090	0	0	0	0	0.389	0.676	0.500	0.965	0.996
BRCA1	ESR1	9606.ENSP00000418960	9606.ENSP00000405330	0	0	0	0	0	0.904	0	0.995	0.999
BRCA1	PMS1	9606.ENSP00000418960	9606.ENSP00000406490	0	0	0	0	0.080	0	0.540	0.752	0.886
BRCA1	CDKN2A	9606.ENSP00000418960	9606.ENSP00000418915	0	0	0	0	0.045	0.309	0	0.766	0.832
BRCA1	PIK3R1	9606.ENSP00000418960	9606.ENSP00000428056	0	0	0	0	0	0.362	0	0.649	0.766
BRCA1	H2AX	9606.ENSP00000418960	9606.ENSP00000434024	0	0	0	0	0.084	0.900	0.500	0.983	0.999
BRCA1	MYC	9606.ENSP00000418960	9606.ENSP00000478887	0	0	0	0	0.049	0.825	0	0.995	0.999
BRCA2	CCND1	9606.ENSP00000369497	9606.ENSP00000227507	0	0	0	0	0	0.510	0	0.727	0.861
BRCA2	MLH1	9606.ENSP00000369497	9606.ENSP00000231790	0	0	0	0	0.044	0	0.540	0.905	0.954
BRCA2	MSH2	9606.ENSP00000369497	9606.ENSP00000233146	0	0	0	0	0.160	0	0.540	0.925	0.968
BRCA2	KRAS	9606.ENSP00000369497	9606.ENSP00000256078	0	0	0	0	0.044	0	0	0.720	0.721
BRCA2	CDK4	9606.ENSP00000369497	9606.ENSP00000257904	0	0	0	0	0.059	0.046	0.800	0.720	0.943
BRCA2	MDM2	9606.ENSP00000369497	9606.ENSP00000258149	0	0	0	0	0.058	0	0	0.696	0.702
BRCA2	HUS1	9606.ENSP00000369497	9606.ENSP00000258774	0	0	0	0	0.049	0	0.500	0.527	0.755
BRCA2	TOPBP1	9606.ENSP00000369497	9606.ENSP00000260810	0	0	0	0	0.179	0	0.500	0.653	0.845
BRCA2	PIK3CA	9606.ENSP00000369497	9606.ENSP00000263967	0	0	0	0	0.047	0	0	0.811	0.812
BRCA2	NBN	9606.ENSP00000369497	9606.ENSP00000265433	0	0	0	0	0.116	0	0.500	0.795	0.901
BRCA2	PMS2	9606.ENSP00000369497	9606.ENSP00000265849	0	0	0	0	0.049	0.142	0.540	0.875	0.947
BRCA2	CDK2	9606.ENSP00000369497	9606.ENSP00000266970	0	0	0	0	0.088	0.630	0.500	0.718	0.946
BRCA2	TP53	9606.ENSP00000369497	9606.ENSP00000269305	0	0	0	0	0.066	0.828	0	0.974	0.995
BRCA2	ERBB2	9606.ENSP00000369497	9606.ENSP00000269571	0	0	0	0	0	0	0	0.873	0.873
BRCA2	ATM	9606.ENSP00000369497	9606.ENSP00000278616	0	0	0	0	0.048	0.313	0.800	0.971	0.995
BRCA2	FANCC	9606.ENSP00000369497	9606.ENSP00000289081	0	0	0	0	0.063	0	0	0.917	0.919
BRCA2	PLK1	9606.ENSP00000369497	9606.ENSP00000300093	0	0	0	0	0.180	0.982	0	0.745	0.996
BRCA2	RAD9A	9606.ENSP00000369497	9606.ENSP00000311360	0	0	0	0	0.042	0.136	0.500	0.855	0.931
BRCA2	PRKDC	9606.ENSP00000369497	9606.ENSP00000313420	0	0	0	0	0.092	0	0.540	0.751	0.887
BRCA2	ATRIP	9606.ENSP00000369497	9606.ENSP00000323099	0	0	0	0	0.049	0	0.500	0.598	0.792
BRCA2	STK11	9606.ENSP00000369497	9606.ENSP00000324856	0	0	0	0	0	0	0	0.830	0.830
BRCA2	PGR	9606.ENSP00000369497	9606.ENSP00000325120	0	0	0	0	0	0	0	0.795	0.795
BRCA2	BLM	9606.ENSP00000369497	9606.ENSP00000347232	0	0	0	0	0.342	0	0.800	0.551	0.935
BRCA2	NF1	9606.ENSP00000369497	9606.ENSP00000351015	0	0	0	0	0.050	0	0	0.748	0.750
BRCA2	XRCC2	9606.ENSP00000369497	9606.ENSP00000352271	0	0	0	0	0.123	0.098	0.500	0.960	0.982
BRCA2	PARP1	9606.ENSP00000369497	9606.ENSP00000355759	0	0	0	0	0.060	0.621	0.400	0.942	0.985
BRCA2	PTEN	9606.ENSP00000369497	9606.ENSP00000361021	0	0	0	0	0	0	0	0.877	0.877
BRCA2	XPA	9606.ENSP00000369497	9606.ENSP00000364270	0	0	0	0	0	0	0.540	0.596	0.806
BRCA2	RAD50	9606.ENSP00000369497	9606.ENSP00000368100	0	0	0	0	0.118	0.292	0.500	0.321	0.759
BRCA2	ESR1	9606.ENSP00000369497	9606.ENSP00000405330	0	0	0	0	0	0	0	0.723	0.723
BRCA2	ABRAXAS1	9606.ENSP00000369497	9606.ENSP00000369857	0	0	0	0	0.048	0	0	0.754	0.755
BRCA2	MYC	9606.ENSP00000369497	9606.ENSP00000478887	0	0	0	0	0.062	0	0	0.754	0.759
BRCA2	CDKN2A	9606.ENSP00000369497	9606.ENSP00000418915	0	0	0	0	0.043	0	0	0.805	0.806
BRCA2	PMS1	9606.ENSP00000369497	9606.ENSP00000406490	0	0	0	0	0.056	0.142	0.540	0.629	0.843
BRCA2	CHEK1	9606.ENSP00000369497	9606.ENSP00000391090	0	0	0	0	0.195	0.292	0.750	0.774	0.963
BRCA2	H2AX	9606.ENSP00000369497	9606.ENSP00000434024	0	0	0	0	0.062	0.510	0.500	0.900	0.973
BRCA2	BRCA1	9606.ENSP00000369497	9606.ENSP00000418960	0	0	0	0	0.383	0.896	0.900	0.999	0.999
CCND1	PIK3CA	9606.ENSP00000227507	9606.ENSP00000263967	0	0	0	0	0	0	0	0.704	0.704
CCND1	PARP1	9606.ENSP00000227507	9606.ENSP00000355759	0	0	0	0	0.045	0	0	0.722	0.724
CCND1	PLK1	9606.ENSP00000227507	9606.ENSP00000300093	0	0	0	0	0.067	0.071	0	0.710	0.727
CCND1	H2AX	9606.ENSP00000227507	9606.ENSP00000434024	0	0	0	0	0.066	0	0.500	0.479	0.735
CCND1	ABL1	9606.ENSP00000227507	9606.ENSP00000361423	0	0	0	0	0.067	0	0.400	0.577	0.742
CCND1	HRAS	9606.ENSP00000227507	9606.ENSP00000407586	0	0	0	0	0.077	0.071	0	0.728	0.747
CCND1	ARID1A	9606.ENSP00000227507	9606.ENSP00000320485	0	0	0	0	0.076	0	0.500	0.507	0.752
CCND1	PGR	9606.ENSP00000227507	9606.ENSP00000325120	0	0	0	0	0.055	0.516	0	0.666	0.834
CCND1	KRAS	9606.ENSP00000227507	9606.ENSP00000256078	0	0	0	0	0.058	0.101	0	0.821	0.835
CCND1	EGFR	9606.ENSP00000227507	9606.ENSP00000275493	0	0	0	0	0.141	0.106	0	0.809	0.841
CCND1	PTEN	9606.ENSP00000227507	9606.ENSP00000361021	0	0	0	0	0.070	0	0	0.850	0.855
CCND1	BRCA2	9606.ENSP00000227507	9606.ENSP00000369497	0	0	0	0	0	0.510	0	0.727	0.861
CCND1	NOTCH1	9606.ENSP00000227507	9606.ENSP00000498587	0	0	0	0	0.103	0	0.500	0.800	0.902
CCND1	ERBB2	9606.ENSP00000227507	9606.ENSP00000269571	0	0	0	0	0.084	0.301	0	0.862	0.904
CCND1	LOC102723407	9606.ENSP00000227507	9606.ENSP00000478289	0	0	0	0	0	0	0	0.909	0.909
CCND1	BRCA1	9606.ENSP00000227507	9606.ENSP00000418960	0	0	0	0	0	0.510	0	0.848	0.922
CCND1	MDM2	9606.ENSP00000227507	9606.ENSP00000258149	0	0	0	0	0.055	0.292	0	0.898	0.926
CCND1	E2F1	9606.ENSP00000227507	9606.ENSP00000345571	0	0	0	0	0.062	0.068	0.500	0.876	0.938
CCND1	TP53	9606.ENSP00000227507	9606.ENSP00000269305	0	0	0	0	0	0.292	0	0.928	0.946
CCND1	AR	9606.ENSP00000227507	9606.ENSP00000363822	0	0	0	0	0.072	0.738	0	0.831	0.955
CCND1	MYC	9606.ENSP00000227507	9606.ENSP00000478887	0	0	0	0	0.067	0	0.400	0.950	0.969
CCND1	CDC25A	9606.ENSP00000227507	9606.ENSP00000303706	0	0	0	0	0.075	0	0.900	0.704	0.970
CCND1	ESR1	9606.ENSP00000227507	9606.ENSP00000405330	0	0	0	0	0.069	0.625	0.750	0.971	0.997
CCND1	RB1	9606.ENSP00000227507	9606.ENSP00000267163	0	0	0	0	0	0.932	0.900	0.831	0.998
CCND1	CDKN2A	9606.ENSP00000227507	9606.ENSP00000418915	0	0	0	0	0	0.726	0.900	0.946	0.998
CCND1	CDK2	9606.ENSP00000227507	9606.ENSP00000266970	0	0	0	0	0.135	0.901	0.800	0.998	0.999
CCND1	CDKN1B	9606.ENSP00000227507	9606.ENSP00000228872	0	0	0	0	0.098	0.991	0.900	0.992	0.999
CCND1	CDK4	9606.ENSP00000227507	9606.ENSP00000257904	0	0	0	0	0.131	0.999	0.900	0.999	0.999
CCND1	CDKN1A	9606.ENSP00000227507	9606.ENSP00000384849	0	0	0	0	0.118	0.996	0.900	0.995	0.999
CDC25A	CCND1	9606.ENSP00000303706	9606.ENSP00000227507	0	0	0	0	0.075	0	0.900	0.704	0.970
CDC25A	CDKN1B	9606.ENSP00000303706	9606.ENSP00000228872	0	0	0	0	0.110	0	0.500	0.622	0.817
CDC25A	CDK4	9606.ENSP00000303706	9606.ENSP00000257904	0	0	0	0	0.142	0.304	0.900	0.696	0.979
CDC25A	CDK2	9606.ENSP00000303706	9606.ENSP00000266970	0	0	0	0	0.198	0.742	0.900	0.933	0.998
CDC25A	TP53	9606.ENSP00000303706	9606.ENSP00000269305	0	0	0	0	0.067	0	0	0.858	0.861
CDC25A	ATM	9606.ENSP00000303706	9606.ENSP00000278616	0	0	0	0	0	0.071	0	0.857	0.861
CDC25A	PLK1	9606.ENSP00000303706	9606.ENSP00000300093	0	0	0	0	0.318	0.139	0.900	0.637	0.975
CDC25A	ATRIP	9606.ENSP00000303706	9606.ENSP00000323099	0	0	0	0	0.080	0	0.500	0.521	0.760
CDC25A	H2AX	9606.ENSP00000303706	9606.ENSP00000434024	0	0	0	0	0.229	0.052	0	0.706	0.766
CDC25A	CDKN1A	9606.ENSP00000303706	9606.ENSP00000384849	0	0	0	0	0.110	0.115	0.500	0.657	0.847
CDC25A	E2F1	9606.ENSP00000303706	9606.ENSP00000345571	0	0	0	0	0.284	0	0.500	0.762	0.907
CDC25A	BRCA1	9606.ENSP00000303706	9606.ENSP00000418960	0	0	0	0	0.236	0	0	0.911	0.929
CDC25A	MYC	9606.ENSP00000303706	9606.ENSP00000478887	0	0	0	0	0.088	0.053	0.750	0.797	0.950
CDC25A	CHEK1	9606.ENSP00000303706	9606.ENSP00000391090	0	0	0	0	0.473	0.903	0.900	0.944	0.999
CDK2	CCND1	9606.ENSP00000266970	9606.ENSP00000227507	0	0	0	0	0.135	0.901	0.800	0.998	0.999
CDK2	CDKN1B	9606.ENSP00000266970	9606.ENSP00000228872	0	0	0	0	0.085	0.999	0.900	0.999	0.999
CDK2	MLH1	9606.ENSP00000266970	9606.ENSP00000231790	0	0.018	0	0	0.083	0.071	0.500	0.447	0.733
CDK2	CDK4	9606.ENSP00000266970	9606.ENSP00000257904	0	0	0.084	0.908	0.138	0	0.900	0.983	0.998
CDK2	MDM2	9606.ENSP00000266970	9606.ENSP00000258149	0	0	0	0	0	0	0.400	0.759	0.849
CDK2	NBN	9606.ENSP00000266970	9606.ENSP00000265433	0	0	0	0	0.067	0.292	0.500	0.529	0.823
CDK2	PARP1	9606.ENSP00000266970	9606.ENSP00000355759	0	0	0	0	0.116	0.075	0	0.668	0.705
CDK2	ESR1	9606.ENSP00000266970	9606.ENSP00000405330	0	0	0	0	0	0.294	0	0.612	0.714
CDK2	PLK1	9606.ENSP00000266970	9606.ENSP00000300093	0	0	0	0.628	0.368	0.150	0	0.558	0.742
CDK2	ATRIP	9606.ENSP00000266970	9606.ENSP00000323099	0	0	0	0	0.067	0	0.500	0.557	0.775
CDK2	PTEN	9606.ENSP00000266970	9606.ENSP00000361021	0	0	0	0	0.078	0.126	0	0.754	0.784
CDK2	PGR	9606.ENSP00000266970	9606.ENSP00000325120	0	0	0	0	0	0.512	0	0.650	0.822
CDK2	H2AX	9606.ENSP00000266970	9606.ENSP00000434024	0	0	0	0	0.156	0.071	0.500	0.691	0.862
CDK2	CHEK1	9606.ENSP00000266970	9606.ENSP00000391090	0	0	0	0.625	0.238	0.242	0.500	0.601	0.869
CDK2	BRCA2	9606.ENSP00000266970	9606.ENSP00000369497	0	0	0	0	0.088	0.630	0.500	0.718	0.946
CDK2	MYC	9606.ENSP00000266970	9606.ENSP00000478887	0	0	0	0	0.114	0.327	0.500	0.884	0.960
CDK2	ATM	9606.ENSP00000266970	9606.ENSP00000278616	0	0	0	0	0.042	0.054	0.800	0.834	0.966
CDK2	BRCA1	9606.ENSP00000266970	9606.ENSP00000418960	0	0	0	0	0.194	0.735	0.500	0.872	0.984
CDK2	TP53	9606.ENSP00000266970	9606.ENSP00000269305	0	0	0	0	0.093	0.778	0.500	0.891	0.987
CDK2	CDKN2A	9606.ENSP00000266970	9606.ENSP00000418915	0	0	0	0	0.072	0.094	0	0.993	0.993
CDK2	E2F1	9606.ENSP00000266970	9606.ENSP00000345571	0	0	0	0	0.164	0.796	0.900	0.873	0.997
CDK2	CDC25A	9606.ENSP00000266970	9606.ENSP00000303706	0	0	0	0	0.198	0.742	0.900	0.933	0.998
CDK2	RB1	9606.ENSP00000266970	9606.ENSP00000267163	0	0	0	0	0.095	0.991	0.900	0.821	0.999
CDK2	CDKN1A	9606.ENSP00000266970	9606.ENSP00000384849	0	0	0	0	0.085	0.994	0.900	0.999	0.999
CDK4	CCND1	9606.ENSP00000257904	9606.ENSP00000227507	0	0	0	0	0.131	0.999	0.900	0.999	0.999
CDK4	CDKN1B	9606.ENSP00000257904	9606.ENSP00000228872	0	0	0	0	0.087	0.999	0.900	0.996	0.999
CDK4	MLH1	9606.ENSP00000257904	9606.ENSP00000231790	0	0.025	0	0	0.102	0.071	0.500	0.458	0.743
CDK4	KRAS	9606.ENSP00000257904	9606.ENSP00000256078	0	0	0	0	0.067	0.195	0	0.684	0.743
CDK4	PIK3CA	9606.ENSP00000257904	9606.ENSP00000263967	0	0	0	0	0	0	0	0.709	0.709
CDK4	ARID1A	9606.ENSP00000257904	9606.ENSP00000320485	0	0	0	0	0.044	0	0.500	0.448	0.713
CDK4	ESR1	9606.ENSP00000257904	9606.ENSP00000405330	0	0	0	0	0	0.045	0	0.717	0.718
CDK4	ABL1	9606.ENSP00000257904	9606.ENSP00000361423	0	0	0	0.607	0.097	0.098	0.400	0.511	0.729
CDK4	H2AX	9606.ENSP00000257904	9606.ENSP00000434024	0	0	0	0	0.159	0.071	0.500	0.418	0.742
CDK4	PARP1	9606.ENSP00000257904	9606.ENSP00000355759	0	0	0	0	0.194	0	0	0.709	0.756
CDK4	PLK1	9606.ENSP00000257904	9606.ENSP00000300093	0	0	0	0.618	0.336	0.372	0	0.535	0.789
CDK4	BLM	9606.ENSP00000257904	9606.ENSP00000347232	0	0	0	0	0.085	0.130	0.800	0.150	0.846
CDK4	PTEN	9606.ENSP00000257904	9606.ENSP00000361021	0	0	0	0	0.078	0.236	0	0.824	0.865
CDK4	MDM2	9606.ENSP00000257904	9606.ENSP00000258149	0	0	0	0	0.042	0	0	0.884	0.884
CDK4	ATM	9606.ENSP00000257904	9606.ENSP00000278616	0	0	0	0	0	0.054	0.800	0.696	0.937
CDK4	BRCA2	9606.ENSP00000257904	9606.ENSP00000369497	0	0	0	0	0.059	0.046	0.800	0.720	0.943
CDK4	E2F1	9606.ENSP00000257904	9606.ENSP00000345571	0	0	0	0	0.110	0.091	0.500	0.908	0.958
CDK4	MYC	9606.ENSP00000257904	9606.ENSP00000478887	0	0	0	0	0.100	0.642	0	0.904	0.966
CDK4	TP53	9606.ENSP00000257904	9606.ENSP00000269305	0	0	0	0	0.117	0.554	0	0.922	0.966
CDK4	BRCA1	9606.ENSP00000257904	9606.ENSP00000418960	0	0	0	0	0.127	0.625	0.800	0.633	0.972
CDK4	CDC25A	9606.ENSP00000257904	9606.ENSP00000303706	0	0	0	0	0.142	0.304	0.900	0.696	0.979
CDK4	CDK2	9606.ENSP00000257904	9606.ENSP00000266970	0	0	0.084	0.908	0.138	0	0.900	0.983	0.998
CDK4	RB1	9606.ENSP00000257904	9606.ENSP00000267163	0	0	0	0	0.077	0.994	0.900	0.984	0.999
CDK4	CDKN2A	9606.ENSP00000257904	9606.ENSP00000418915	0	0	0	0	0.058	0.994	0.900	0.999	0.999
CDK4	CDKN1A	9606.ENSP00000257904	9606.ENSP00000384849	0	0	0	0	0.103	0.999	0.900	0.998	0.999
CDKN1A	CCND1	9606.ENSP00000384849	9606.ENSP00000227507	0	0	0	0	0.118	0.996	0.900	0.995	0.999
CDKN1A	CDKN1B	9606.ENSP00000384849	9606.ENSP00000228872	0	0	0	0.732	0	0.642	0.900	0.555	0.982
CDKN1A	CDK4	9606.ENSP00000384849	9606.ENSP00000257904	0	0	0	0	0.103	0.999	0.900	0.998	0.999
CDKN1A	MDM2	9606.ENSP00000384849	9606.ENSP00000258149	0	0	0	0	0.072	0.848	0	0.873	0.980
CDKN1A	CDK2	9606.ENSP00000384849	9606.ENSP00000266970	0	0	0	0	0.085	0.994	0.900	0.999	0.999
CDKN1A	RB1	9606.ENSP00000384849	9606.ENSP00000267163	0	0	0	0	0	0.332	0.500	0.658	0.876
CDKN1A	TP53	9606.ENSP00000384849	9606.ENSP00000269305	0	0	0	0	0	0.925	0.900	0.960	0.999
CDKN1A	EGFR	9606.ENSP00000384849	9606.ENSP00000275493	0	0	0	0	0.061	0	0	0.746	0.752
CDKN1A	ATM	9606.ENSP00000384849	9606.ENSP00000278616	0	0	0	0	0	0	0	0.807	0.807
CDKN1A	CDC25A	9606.ENSP00000384849	9606.ENSP00000303706	0	0	0	0	0.110	0.115	0.500	0.657	0.847
CDKN1A	E2F1	9606.ENSP00000384849	9606.ENSP00000345571	0	0	0	0	0	0.226	0.500	0.947	0.977
CDKN1A	PARP1	9606.ENSP00000384849	9606.ENSP00000355759	0	0	0	0	0	0.625	0	0.633	0.856
CDKN1A	PTEN	9606.ENSP00000384849	9606.ENSP00000361021	0	0	0	0	0	0	0	0.792	0.792
CDKN1A	ABL1	9606.ENSP00000384849	9606.ENSP00000361423	0	0	0	0	0.105	0.296	0.400	0.716	0.878
CDKN1A	CHEK1	9606.ENSP00000384849	9606.ENSP00000391090	0	0	0	0	0	0.292	0	0.647	0.740
CDKN1A	BRCA1	9606.ENSP00000384849	9606.ENSP00000418960	0	0	0	0	0	0.292	0	0.742	0.809
CDKN1A	ESR1	9606.ENSP00000384849	9606.ENSP00000405330	0	0	0	0	0	0.625	0	0.597	0.842
CDKN1A	CDKN2A	9606.ENSP00000384849	9606.ENSP00000418915	0	0	0	0	0.060	0.049	0.500	0.933	0.966
CDKN1A	MYC	9606.ENSP00000384849	9606.ENSP00000478887	0	0	0	0	0.105	0.320	0.500	0.945	0.981
CDKN1B	CCND1	9606.ENSP00000228872	9606.ENSP00000227507	0	0	0	0	0.098	0.991	0.900	0.992	0.999
CDKN1B	ATM	9606.ENSP00000228872	9606.ENSP00000278616	0	0	0	0	0.070	0	0	0.704	0.713
CDKN1B	EGFR	9606.ENSP00000228872	9606.ENSP00000275493	0	0	0	0	0	0	0	0.736	0.736
CDKN1B	ERBB2	9606.ENSP00000228872	9606.ENSP00000269571	0	0	0	0	0	0	0	0.739	0.739
CDKN1B	ABL1	9606.ENSP00000228872	9606.ENSP00000361423	0	0	0	0	0.086	0.296	0.400	0.420	0.746
CDKN1B	E2F1	9606.ENSP00000228872	9606.ENSP00000345571	0	0	0	0	0	0	0.500	0.640	0.812
CDKN1B	CDC25A	9606.ENSP00000228872	9606.ENSP00000303706	0	0	0	0	0.110	0	0.500	0.622	0.817
CDKN1B	RB1	9606.ENSP00000228872	9606.ENSP00000267163	0	0	0	0	0.049	0.096	0.500	0.626	0.818
CDKN1B	PTEN	9606.ENSP00000228872	9606.ENSP00000361021	0	0	0	0	0.060	0	0	0.831	0.834
CDKN1B	MYC	9606.ENSP00000228872	9606.ENSP00000478887	0	0	0	0	0.101	0.328	0	0.780	0.855
CDKN1B	CDKN2A	9606.ENSP00000228872	9606.ENSP00000418915	0	0	0	0	0	0.049	0.500	0.865	0.930
CDKN1B	CDKN1A	9606.ENSP00000228872	9606.ENSP00000384849	0	0	0	0.732	0	0.642	0.900	0.555	0.982
CDKN1B	TP53	9606.ENSP00000228872	9606.ENSP00000269305	0	0	0	0	0	0.076	0.900	0.911	0.991
CDKN1B	CDK4	9606.ENSP00000228872	9606.ENSP00000257904	0	0	0	0	0.087	0.999	0.900	0.996	0.999
CDKN1B	CDK2	9606.ENSP00000228872	9606.ENSP00000266970	0	0	0	0	0.085	0.999	0.900	0.999	0.999
CDKN2A	CCND1	9606.ENSP00000418915	9606.ENSP00000227507	0	0	0	0	0	0.726	0.900	0.946	0.998
CDKN2A	CDKN1B	9606.ENSP00000418915	9606.ENSP00000228872	0	0	0	0	0	0.049	0.500	0.865	0.930
CDKN2A	MLH1	9606.ENSP00000418915	9606.ENSP00000231790	0	0	0	0	0	0	0	0.855	0.855
CDKN2A	KRAS	9606.ENSP00000418915	9606.ENSP00000256078	0	0	0	0	0.055	0.102	0.900	0.917	0.992
CDKN2A	CDK4	9606.ENSP00000418915	9606.ENSP00000257904	0	0	0	0	0.058	0.994	0.900	0.999	0.999
CDKN2A	MDM2	9606.ENSP00000418915	9606.ENSP00000258149	0	0	0	0	0.068	0.992	0.900	0.999	0.999
CDKN2A	PIK3CA	9606.ENSP00000418915	9606.ENSP00000263967	0	0	0	0	0	0	0	0.791	0.791
CDKN2A	CDK2	9606.ENSP00000418915	9606.ENSP00000266970	0	0	0	0	0.072	0.094	0	0.993	0.993
CDKN2A	RB1	9606.ENSP00000418915	9606.ENSP00000267163	0	0	0	0	0	0.052	0	0.842	0.843
CDKN2A	TP53	9606.ENSP00000418915	9606.ENSP00000269305	0	0	0	0	0	0.874	0.900	0.970	0.999
CDKN2A	ERBB2	9606.ENSP00000418915	9606.ENSP00000269571	0	0	0	0	0.062	0.045	0	0.767	0.773
CDKN2A	EGFR	9606.ENSP00000418915	9606.ENSP00000275493	0	0	0	0	0.069	0.045	0	0.906	0.910
CDKN2A	ATM	9606.ENSP00000418915	9606.ENSP00000278616	0	0	0	0	0.042	0.053	0	0.845	0.847
CDKN2A	ARID1A	9606.ENSP00000418915	9606.ENSP00000320485	0	0	0	0	0	0	0	0.720	0.720
CDKN2A	STK11	9606.ENSP00000418915	9606.ENSP00000324856	0	0	0	0	0	0.186	0	0.793	0.824
CDKN2A	E2F1	9606.ENSP00000418915	9606.ENSP00000345571	0	0	0	0	0.067	0.621	0	0.921	0.969
CDKN2A	NF1	9606.ENSP00000418915	9606.ENSP00000351015	0	0	0	0	0.042	0.043	0	0.771	0.772
CDKN2A	PTEN	9606.ENSP00000418915	9606.ENSP00000361021	0	0	0	0	0.053	0.188	0	0.908	0.923
CDKN2A	ABL1	9606.ENSP00000418915	9606.ENSP00000361423	0	0	0	0	0	0.095	0	0.749	0.763
CDKN2A	BRCA2	9606.ENSP00000418915	9606.ENSP00000369497	0	0	0	0	0.043	0	0	0.805	0.806
CDKN2A	CDKN1A	9606.ENSP00000418915	9606.ENSP00000384849	0	0	0	0	0.060	0.049	0.500	0.933	0.966
CDKN2A	CHEK1	9606.ENSP00000418915	9606.ENSP00000391090	0	0	0	0	0.072	0.055	0	0.711	0.724
CDKN2A	HRAS	9606.ENSP00000418915	9606.ENSP00000407586	0	0	0	0	0.055	0.160	0.900	0.893	0.990
CDKN2A	LOC102723407	9606.ENSP00000418915	9606.ENSP00000478289	0	0	0	0	0	0	0	0.717	0.717
CDKN2A	NOTCH1	9606.ENSP00000418915	9606.ENSP00000498587	0	0	0	0	0.064	0.098	0	0.698	0.723
CDKN2A	H2AX	9606.ENSP00000418915	9606.ENSP00000434024	0	0	0	0	0.060	0.050	0.500	0.542	0.768
CDKN2A	BRCA1	9606.ENSP00000418915	9606.ENSP00000418960	0	0	0	0	0.045	0.309	0	0.766	0.832
CDKN2A	MYC	9606.ENSP00000418915	9606.ENSP00000478887	0	0	0	0	0.055	0.783	0.900	0.929	0.998
CHEK1	MSH2	9606.ENSP00000391090	9606.ENSP00000233146	0	0	0	0	0.267	0.292	0	0.584	0.765
CHEK1	HUS1	9606.ENSP00000391090	9606.ENSP00000258774	0	0	0	0	0.053	0	0.500	0.924	0.960
CHEK1	TOPBP1	9606.ENSP00000391090	9606.ENSP00000260810	0	0	0	0	0.163	0.356	0.800	0.916	0.989
CHEK1	NBN	9606.ENSP00000391090	9606.ENSP00000265433	0	0	0	0	0.056	0.225	0.500	0.686	0.869
CHEK1	CDK2	9606.ENSP00000391090	9606.ENSP00000266970	0	0	0	0.625	0.238	0.242	0.500	0.601	0.869
CHEK1	TP53	9606.ENSP00000391090	9606.ENSP00000269305	0	0	0	0	0.074	0.783	0.900	0.906	0.997
CHEK1	ATM	9606.ENSP00000391090	9606.ENSP00000278616	0	0	0	0	0.050	0.449	0.900	0.974	0.998
CHEK1	CDC25A	9606.ENSP00000391090	9606.ENSP00000303706	0	0	0	0	0.473	0.903	0.900	0.944	0.999
CHEK1	RAD9A	9606.ENSP00000391090	9606.ENSP00000311360	0	0	0	0	0	0	0.500	0.930	0.963
CHEK1	PRKDC	9606.ENSP00000391090	9606.ENSP00000313420	0	0	0	0	0.124	0.504	0	0.847	0.928
CHEK1	ATRIP	9606.ENSP00000391090	9606.ENSP00000323099	0	0	0	0	0.054	0.191	0.700	0.927	0.981
CHEK1	E2F1	9606.ENSP00000391090	9606.ENSP00000345571	0	0	0	0	0.139	0	0	0.738	0.764
CHEK1	BLM	9606.ENSP00000391090	9606.ENSP00000347232	0	0	0	0	0.440	0.540	0.500	0.538	0.932
CHEK1	PARP1	9606.ENSP00000391090	9606.ENSP00000355759	0	0	0	0	0.109	0.330	0	0.781	0.858
CHEK1	PTEN	9606.ENSP00000391090	9606.ENSP00000361021	0	0	0	0	0	0.165	0	0.760	0.791
CHEK1	BRCA2	9606.ENSP00000391090	9606.ENSP00000369497	0	0	0	0	0.195	0.292	0.750	0.774	0.963
CHEK1	CDKN1A	9606.ENSP00000391090	9606.ENSP00000384849	0	0	0	0	0	0.292	0	0.647	0.740
CHEK1	CDKN2A	9606.ENSP00000391090	9606.ENSP00000418915	0	0	0	0	0.072	0.055	0	0.711	0.724
CHEK1	MYC	9606.ENSP00000391090	9606.ENSP00000478887	0	0	0	0	0.085	0	0	0.749	0.760
CHEK1	H2AX	9606.ENSP00000391090	9606.ENSP00000434024	0	0	0	0	0.149	0.092	0	0.879	0.898
CHEK1	BRCA1	9606.ENSP00000391090	9606.ENSP00000418960	0	0	0	0	0.389	0.676	0.500	0.965	0.996
E2F1	CCND1	9606.ENSP00000345571	9606.ENSP00000227507	0	0	0	0	0.062	0.068	0.500	0.876	0.938
E2F1	CDKN1B	9606.ENSP00000345571	9606.ENSP00000228872	0	0	0	0	0	0	0.500	0.640	0.812
E2F1	CDK4	9606.ENSP00000345571	9606.ENSP00000257904	0	0	0	0	0.110	0.091	0.500	0.908	0.958
E2F1	MDM2	9606.ENSP00000345571	9606.ENSP00000258149	0	0	0	0	0	0.625	0	0.980	0.992
E2F1	TOPBP1	9606.ENSP00000345571	9606.ENSP00000260810	0	0	0	0	0.086	0.835	0	0.946	0.991
E2F1	CDK2	9606.ENSP00000345571	9606.ENSP00000266970	0	0	0	0	0.164	0.796	0.900	0.873	0.997
E2F1	RB1	9606.ENSP00000345571	9606.ENSP00000267163	0	0	0	0	0.067	0.999	0.900	0.995	0.999
E2F1	TP53	9606.ENSP00000345571	9606.ENSP00000269305	0	0	0	0	0	0.510	0	0.974	0.986
E2F1	EGFR	9606.ENSP00000345571	9606.ENSP00000275493	0	0	0	0	0	0	0	0.734	0.734
E2F1	ATM	9606.ENSP00000345571	9606.ENSP00000278616	0	0	0	0	0	0.292	0	0.670	0.756
E2F1	CDC25A	9606.ENSP00000345571	9606.ENSP00000303706	0	0	0	0	0.284	0	0.500	0.762	0.907
E2F1	ESR1	9606.ENSP00000345571	9606.ENSP00000405330	0	0	0	0	0	0.292	0	0.611	0.713
E2F1	NOTCH1	9606.ENSP00000345571	9606.ENSP00000498587	0	0	0	0	0.060	0.045	0.500	0.437	0.713
E2F1	CHEK1	9606.ENSP00000345571	9606.ENSP00000391090	0	0	0	0	0.139	0	0	0.738	0.764
E2F1	PARP1	9606.ENSP00000345571	9606.ENSP00000355759	0	0	0	0	0.097	0.516	0	0.551	0.787
E2F1	AR	9606.ENSP00000345571	9606.ENSP00000363822	0	0	0	0	0	0.292	0	0.730	0.801
E2F1	PTEN	9606.ENSP00000345571	9606.ENSP00000361021	0	0	0	0	0.055	0.292	0	0.779	0.839
E2F1	BRCA1	9606.ENSP00000345571	9606.ENSP00000418960	0	0	0	0	0.140	0.423	0	0.775	0.879
E2F1	CDKN2A	9606.ENSP00000345571	9606.ENSP00000418915	0	0	0	0	0.067	0.621	0	0.921	0.969
E2F1	CDKN1A	9606.ENSP00000345571	9606.ENSP00000384849	0	0	0	0	0	0.226	0.500	0.947	0.977
E2F1	MYC	9606.ENSP00000345571	9606.ENSP00000478887	0	0	0	0	0.084	0.166	0.500	0.990	0.995
EGFR	PIK3R2	9606.ENSP00000275493	9606.ENSP00000222254	0	0	0	0	0.044	0.848	0.900	0.623	0.993
EGFR	CCND1	9606.ENSP00000275493	9606.ENSP00000227507	0	0	0	0	0.141	0.106	0	0.809	0.841
EGFR	CDKN1B	9606.ENSP00000275493	9606.ENSP00000228872	0	0	0	0	0	0	0	0.736	0.736
EGFR	KRAS	9606.ENSP00000275493	9606.ENSP00000256078	0	0	0	0	0.053	0.662	0.900	0.918	0.997
EGFR	MDM2	9606.ENSP00000275493	9606.ENSP00000258149	0	0	0	0	0	0	0.650	0.718	0.897
EGFR	PIK3R3	9606.ENSP00000275493	9606.ENSP00000262741	0	0	0	0	0	0.810	0.900	0.554	0.990
EGFR	GAB1	9606.ENSP00000275493	9606.ENSP00000262995	0	0	0	0	0.044	0.877	0.900	0.986	0.999
EGFR	PIK3CA	9606.ENSP00000275493	9606.ENSP00000263967	0	0	0	0	0	0.790	0.900	0.976	0.999
EGFR	TP53	9606.ENSP00000275493	9606.ENSP00000269305	0	0	0	0	0	0.329	0	0.919	0.943
EGFR	ERBB2	9606.ENSP00000275493	9606.ENSP00000269571	0	0	0.064	0.939	0.080	0.998	0.900	0.983	0.999
EGFR	E2F1	9606.ENSP00000275493	9606.ENSP00000345571	0	0	0	0	0	0	0	0.734	0.734
EGFR	PARP1	9606.ENSP00000275493	9606.ENSP00000355759	0	0	0	0	0.044	0.100	0	0.734	0.751
EGFR	CDKN1A	9606.ENSP00000275493	9606.ENSP00000384849	0	0	0	0	0.061	0	0	0.746	0.752
EGFR	BRCA1	9606.ENSP00000275493	9606.ENSP00000418960	0	0	0	0	0	0.103	0	0.786	0.800
EGFR	PGR	9606.ENSP00000275493	9606.ENSP00000325120	0	0	0	0	0	0.092	0	0.820	0.830
EGFR	NF1	9606.ENSP00000275493	9606.ENSP00000351015	0	0	0	0	0.055	0.330	0	0.778	0.847
EGFR	ABL1	9606.ENSP00000275493	9606.ENSP00000361423	0	0	0	0.591	0.067	0.790	0	0.347	0.861
EGFR	AR	9606.ENSP00000275493	9606.ENSP00000363822	0	0	0	0	0	0.536	0	0.720	0.864
EGFR	MYC	9606.ENSP00000275493	9606.ENSP00000478887	0	0	0	0	0.044	0.103	0	0.866	0.875
EGFR	NOTCH1	9606.ENSP00000275493	9606.ENSP00000498587	0	0	0	0	0.042	0.075	0	0.872	0.877
EGFR	CDKN2A	9606.ENSP00000275493	9606.ENSP00000418915	0	0	0	0	0.069	0.045	0	0.906	0.910
EGFR	LOC102723407	9606.ENSP00000275493	9606.ENSP00000478289	0	0	0	0	0	0.900	0	0.254	0.922
EGFR	PIK3C2B	9606.ENSP00000275493	9606.ENSP00000356155	0	0	0	0	0.044	0.838	0	0.576	0.928
EGFR	PRKDC	9606.ENSP00000275493	9606.ENSP00000313420	0	0	0	0	0.044	0.361	0	0.904	0.936
EGFR	PIK3CD	9606.ENSP00000275493	9606.ENSP00000366563	0	0	0	0	0.042	0	0.900	0.443	0.942
EGFR	PTEN	9606.ENSP00000275493	9606.ENSP00000361021	0	0	0	0	0	0.608	0	0.925	0.969
EGFR	ESR1	9606.ENSP00000275493	9606.ENSP00000405330	0	0	0	0	0	0.583	0	0.974	0.988
EGFR	SHC4	9606.ENSP00000275493	9606.ENSP00000329668	0	0	0	0	0	0.857	0.900	0.251	0.988
EGFR	HRAS	9606.ENSP00000275493	9606.ENSP00000407586	0	0	0	0	0.053	0.315	0.900	0.931	0.994
EGFR	PIK3R1	9606.ENSP00000275493	9606.ENSP00000428056	0	0	0	0	0.042	0.900	0.900	0.901	0.998
EGFR	PTK2	9606.ENSP00000275493	9606.ENSP00000341189	0	0	0	0.597	0.086	0.994	0.900	0.926	0.999
ERBB2	PIK3R2	9606.ENSP00000269571	9606.ENSP00000222254	0	0	0	0	0.049	0.794	0.900	0.365	0.985
ERBB2	CCND1	9606.ENSP00000269571	9606.ENSP00000227507	0	0	0	0	0.084	0.301	0	0.862	0.904
ERBB2	CDKN1B	9606.ENSP00000269571	9606.ENSP00000228872	0	0	0	0	0	0	0	0.739	0.739
ERBB2	MSH2	9606.ENSP00000269571	9606.ENSP00000233146	0	0	0	0	0	0	0	0.728	0.728
ERBB2	KRAS	9606.ENSP00000269571	9606.ENSP00000256078	0	0	0	0	0.053	0.199	0.500	0.923	0.966
ERBB2	PIK3R3	9606.ENSP00000269571	9606.ENSP00000262741	0	0	0	0	0.044	0.440	0.900	0.593	0.975
ERBB2	GAB1	9606.ENSP00000269571	9606.ENSP00000262995	0	0	0	0	0.049	0.314	0.900	0.300	0.948
ERBB2	PIK3CA	9606.ENSP00000269571	9606.ENSP00000263967	0	0	0	0	0	0.115	0.900	0.927	0.992
ERBB2	TP53	9606.ENSP00000269571	9606.ENSP00000269305	0	0	0	0	0.060	0.172	0	0.924	0.935
ERBB2	ABL1	9606.ENSP00000269571	9606.ENSP00000361423	0	0	0	0.591	0.049	0.615	0	0.325	0.731
ERBB2	PARP1	9606.ENSP00000269571	9606.ENSP00000355759	0	0	0	0	0	0	0	0.741	0.741
ERBB2	ATM	9606.ENSP00000269571	9606.ENSP00000278616	0	0	0	0	0	0	0	0.748	0.748
ERBB2	NF1	9606.ENSP00000269571	9606.ENSP00000351015	0	0	0	0	0	0	0	0.771	0.771
ERBB2	CDKN2A	9606.ENSP00000269571	9606.ENSP00000418915	0	0	0	0	0.062	0.045	0	0.767	0.773
ERBB2	AR	9606.ENSP00000269571	9606.ENSP00000363822	0	0	0	0	0.058	0.092	0	0.772	0.788
ERBB2	NOTCH1	9606.ENSP00000269571	9606.ENSP00000498587	0	0	0	0	0.049	0.075	0	0.787	0.796
ERBB2	PTEN	9606.ENSP00000269571	9606.ENSP00000361021	0	0	0	0	0	0.070	0	0.864	0.868
ERBB2	BRCA2	9606.ENSP00000269571	9606.ENSP00000369497	0	0	0	0	0	0	0	0.873	0.873
ERBB2	MYC	9606.ENSP00000269571	9606.ENSP00000478887	0	0	0	0	0	0.166	0	0.870	0.886
ERBB2	HRAS	9606.ENSP00000269571	9606.ENSP00000407586	0	0	0	0	0.053	0.328	0.500	0.742	0.907
ERBB2	BRCA1	9606.ENSP00000269571	9606.ENSP00000418960	0	0	0	0	0	0	0	0.918	0.918
ERBB2	PIK3CD	9606.ENSP00000269571	9606.ENSP00000366563	0	0	0	0	0	0	0.900	0.440	0.941
ERBB2	SHC4	9606.ENSP00000269571	9606.ENSP00000329668	0	0	0	0	0	0.387	0.900	0.191	0.946
ERBB2	ESR1	9606.ENSP00000269571	9606.ENSP00000405330	0	0	0	0	0	0.329	0	0.966	0.976
ERBB2	PGR	9606.ENSP00000269571	9606.ENSP00000325120	0	0	0	0	0	0.329	0	0.972	0.980
ERBB2	PTK2	9606.ENSP00000269571	9606.ENSP00000341189	0	0	0	0.598	0.060	0.786	0.900	0.564	0.990
ERBB2	PIK3R1	9606.ENSP00000269571	9606.ENSP00000428056	0	0	0	0	0	0.840	0.900	0.728	0.995
ERBB2	EGFR	9606.ENSP00000269571	9606.ENSP00000275493	0	0	0.064	0.939	0.080	0.998	0.900	0.983	0.999
ESR1	CCND1	9606.ENSP00000405330	9606.ENSP00000227507	0	0	0	0	0.069	0.625	0.750	0.971	0.997
ESR1	KRAS	9606.ENSP00000405330	9606.ENSP00000256078	0	0	0	0	0	0.073	0	0.756	0.764
ESR1	CDK4	9606.ENSP00000405330	9606.ENSP00000257904	0	0	0	0	0	0.045	0	0.717	0.718
ESR1	MDM2	9606.ENSP00000405330	9606.ENSP00000258149	0	0	0	0	0.042	0.785	0	0.762	0.946
ESR1	PIK3CA	9606.ENSP00000405330	9606.ENSP00000263967	0	0	0	0	0	0.510	0.400	0.817	0.941
ESR1	CDK2	9606.ENSP00000405330	9606.ENSP00000266970	0	0	0	0	0	0.294	0	0.612	0.714
ESR1	TP53	9606.ENSP00000405330	9606.ENSP00000269305	0	0	0	0	0	0.735	0	0.974	0.992
ESR1	ERBB2	9606.ENSP00000405330	9606.ENSP00000269571	0	0	0	0	0	0.329	0	0.966	0.976
ESR1	EGFR	9606.ENSP00000405330	9606.ENSP00000275493	0	0	0	0	0	0.583	0	0.974	0.988
ESR1	PRKDC	9606.ENSP00000405330	9606.ENSP00000313420	0	0	0	0	0	0.306	0	0.610	0.717
ESR1	PGR	9606.ENSP00000405330	9606.ENSP00000325120	0	0	0	0.673	0.240	0.771	0.700	0.560	0.974
ESR1	PTK2	9606.ENSP00000405330	9606.ENSP00000341189	0	0	0	0	0.052	0	0.500	0.682	0.836
ESR1	E2F1	9606.ENSP00000405330	9606.ENSP00000345571	0	0	0	0	0	0.292	0	0.611	0.713
ESR1	PARP1	9606.ENSP00000405330	9606.ENSP00000355759	0	0	0	0	0	0.312	0	0.647	0.746
ESR1	PTEN	9606.ENSP00000405330	9606.ENSP00000361021	0	0	0	0	0	0.295	0	0.737	0.807
ESR1	AR	9606.ENSP00000405330	9606.ENSP00000363822	0	0	0	0.651	0.172	0	0	0.978	0.981
ESR1	BRCA2	9606.ENSP00000405330	9606.ENSP00000369497	0	0	0	0	0	0	0	0.723	0.723
ESR1	CDKN1A	9606.ENSP00000405330	9606.ENSP00000384849	0	0	0	0	0	0.625	0	0.597	0.842
ESR1	HRAS	9606.ENSP00000405330	9606.ENSP00000407586	0	0	0	0	0	0.073	0	0.705	0.715
ESR1	MYC	9606.ENSP00000405330	9606.ENSP00000478887	0	0	0	0	0.053	0.620	0.500	0.913	0.982
ESR1	PIK3R1	9606.ENSP00000405330	9606.ENSP00000428056	0	0	0	0	0	0.708	0.400	0.971	0.994
ESR1	BRCA1	9606.ENSP00000405330	9606.ENSP00000418960	0	0	0	0	0	0.904	0	0.995	0.999
FANCC	PMS2	9606.ENSP00000289081	9606.ENSP00000265849	0	0	0	0	0.264	0.155	0	0.571	0.709
FANCC	TP53	9606.ENSP00000289081	9606.ENSP00000269305	0	0	0	0	0	0	0.750	0.506	0.871
FANCC	ATM	9606.ENSP00000289081	9606.ENSP00000278616	0	0	0	0	0	0	0	0.775	0.775
FANCC	BLM	9606.ENSP00000289081	9606.ENSP00000347232	0	0	0	0	0.067	0	0	0.825	0.829
FANCC	BRCA2	9606.ENSP00000289081	9606.ENSP00000369497	0	0	0	0	0.063	0	0	0.917	0.919
FANCC	BRCA1	9606.ENSP00000289081	9606.ENSP00000418960	0	0	0	0	0.152	0.439	0	0.858	0.926
GAB1	PIK3R2	9606.ENSP00000262995	9606.ENSP00000222254	0	0	0	0	0	0.199	0.900	0.150	0.926
GAB1	PIK3R3	9606.ENSP00000262995	9606.ENSP00000262741	0	0	0	0	0.067	0.199	0.900	0.113	0.924
GAB1	SHC4	9606.ENSP00000262995	9606.ENSP00000329668	0	0	0	0	0	0.049	0.900	0.088	0.905
GAB1	PIK3CA	9606.ENSP00000262995	9606.ENSP00000263967	0	0	0	0	0.060	0.041	0.900	0.224	0.920
GAB1	PIK3CD	9606.ENSP00000262995	9606.ENSP00000366563	0	0	0	0	0	0.041	0.900	0.282	0.925
GAB1	ERBB2	9606.ENSP00000262995	9606.ENSP00000269571	0	0	0	0	0.049	0.314	0.900	0.300	0.948
GAB1	PIK3R1	9606.ENSP00000262995	9606.ENSP00000428056	0	0	0	0	0.049	0.880	0.900	0.309	0.991
GAB1	EGFR	9606.ENSP00000262995	9606.ENSP00000275493	0	0	0	0	0.044	0.877	0.900	0.986	0.999
H2AX	CCND1	9606.ENSP00000434024	9606.ENSP00000227507	0	0	0	0	0.066	0	0.500	0.479	0.735
H2AX	MLH1	9606.ENSP00000434024	9606.ENSP00000231790	0	0	0	0	0.045	0.292	0.500	0.593	0.844
H2AX	MSH2	9606.ENSP00000434024	9606.ENSP00000233146	0	0	0	0	0.086	0.328	0	0.570	0.712
H2AX	CDK4	9606.ENSP00000434024	9606.ENSP00000257904	0	0	0	0	0.159	0.071	0.500	0.418	0.742
H2AX	NBN	9606.ENSP00000434024	9606.ENSP00000265433	0	0	0	0	0	0.889	0.500	0.676	0.980
H2AX	CDK2	9606.ENSP00000434024	9606.ENSP00000266970	0	0	0	0	0.156	0.071	0.500	0.691	0.862
H2AX	TP53	9606.ENSP00000434024	9606.ENSP00000269305	0	0	0	0	0.047	0.292	0	0.854	0.892
H2AX	ATM	9606.ENSP00000434024	9606.ENSP00000278616	0	0	0	0	0	0.876	0.500	0.984	0.998
H2AX	PLK1	9606.ENSP00000434024	9606.ENSP00000300093	0	0	0	0	0.175	0	0.500	0.433	0.745
H2AX	CDC25A	9606.ENSP00000434024	9606.ENSP00000303706	0	0	0	0	0.229	0.052	0	0.706	0.766
H2AX	RAD9A	9606.ENSP00000434024	9606.ENSP00000311360	0	0	0	0	0.047	0.052	0	0.763	0.767
H2AX	PRKDC	9606.ENSP00000434024	9606.ENSP00000313420	0	0	0	0	0.075	0.833	0.500	0.810	0.983
H2AX	BLM	9606.ENSP00000434024	9606.ENSP00000347232	0	0	0	0	0.107	0.547	0.500	0.539	0.894
H2AX	PARP1	9606.ENSP00000434024	9606.ENSP00000355759	0	0	0	0	0.097	0.866	0	0.727	0.964
H2AX	RAD50	9606.ENSP00000434024	9606.ENSP00000368100	0	0	0	0	0	0.809	0.500	0.365	0.934
H2AX	BRCA2	9606.ENSP00000434024	9606.ENSP00000369497	0	0	0	0	0.062	0.510	0.500	0.900	0.973
H2AX	ABRAXAS1	9606.ENSP00000434024	9606.ENSP00000369857	0	0	0	0	0	0	0.500	0.574	0.777
H2AX	CHEK1	9606.ENSP00000434024	9606.ENSP00000391090	0	0	0	0	0.149	0.092	0	0.879	0.898
H2AX	CDKN2A	9606.ENSP00000434024	9606.ENSP00000418915	0	0	0	0	0.060	0.050	0.500	0.542	0.768
H2AX	BRCA1	9606.ENSP00000434024	9606.ENSP00000418960	0	0	0	0	0.084	0.900	0.500	0.983	0.999
H2AX	MYC	9606.ENSP00000434024	9606.ENSP00000478887	0	0	0	0	0.081	0.292	0.400	0.516	0.785
HRAS	PIK3R2	9606.ENSP00000407586	9606.ENSP00000222254	0	0	0	0	0.059	0.065	0.900	0.305	0.930
HRAS	CCND1	9606.ENSP00000407586	9606.ENSP00000227507	0	0	0	0	0.077	0.071	0	0.728	0.747
HRAS	KRAS	9606.ENSP00000407586	9606.ENSP00000256078	0	0	0.050	0.981	0	0.883	0.900	0.411	0.992
HRAS	PIK3R3	9606.ENSP00000407586	9606.ENSP00000262741	0	0	0	0	0	0.065	0.900	0.232	0.922
HRAS	PIK3CA	9606.ENSP00000407586	9606.ENSP00000263967	0	0	0	0	0.100	0.758	0.900	0.800	0.995
HRAS	TP53	9606.ENSP00000407586	9606.ENSP00000269305	0	0	0	0	0.083	0.292	0	0.894	0.925
HRAS	ERBB2	9606.ENSP00000407586	9606.ENSP00000269571	0	0	0	0	0.053	0.328	0.500	0.742	0.907
HRAS	EGFR	9606.ENSP00000407586	9606.ENSP00000275493	0	0	0	0	0.053	0.315	0.900	0.931	0.994
HRAS	NF1	9606.ENSP00000407586	9606.ENSP00000351015	0	0	0	0	0.051	0.789	0.900	0.748	0.994
HRAS	PTEN	9606.ENSP00000407586	9606.ENSP00000361021	0	0	0	0	0.059	0.099	0	0.808	0.823
HRAS	ABL1	9606.ENSP00000407586	9606.ENSP00000361423	0	0	0	0	0.081	0.110	0	0.755	0.782
HRAS	PIK3CD	9606.ENSP00000407586	9606.ENSP00000366563	0	0	0	0	0.056	0.644	0.900	0.239	0.971
HRAS	ESR1	9606.ENSP00000407586	9606.ENSP00000405330	0	0	0	0	0	0.073	0	0.705	0.715
HRAS	NOTCH1	9606.ENSP00000407586	9606.ENSP00000498587	0	0	0	0	0	0.522	0	0.626	0.814
HRAS	MYC	9606.ENSP00000407586	9606.ENSP00000478887	0	0	0	0	0.059	0.045	0	0.868	0.871
HRAS	CDKN2A	9606.ENSP00000407586	9606.ENSP00000418915	0	0	0	0	0.055	0.160	0.900	0.893	0.990
HRAS	PIK3R1	9606.ENSP00000407586	9606.ENSP00000428056	0	0	0	0	0	0.688	0.900	0.707	0.990
HUS1	PRKDC	9606.ENSP00000258774	9606.ENSP00000313420	0	0	0	0	0.060	0	0	0.695	0.701
HUS1	TP53	9606.ENSP00000258774	9606.ENSP00000269305	0	0	0	0	0	0	0.400	0.541	0.712
HUS1	BRCA2	9606.ENSP00000258774	9606.ENSP00000369497	0	0	0	0	0.049	0	0.500	0.527	0.755
HUS1	BLM	9606.ENSP00000258774	9606.ENSP00000347232	0	0	0	0	0.049	0.292	0.500	0.432	0.783
HUS1	NBN	9606.ENSP00000258774	9606.ENSP00000265433	0	0	0	0	0.121	0	0.500	0.673	0.843
HUS1	BRCA1	9606.ENSP00000258774	9606.ENSP00000418960	0	0	0	0	0.049	0.421	0.500	0.585	0.870
HUS1	ATM	9606.ENSP00000258774	9606.ENSP00000278616	0	0	0	0	0.049	0.108	0.500	0.852	0.928
HUS1	CHEK1	9606.ENSP00000258774	9606.ENSP00000391090	0	0	0	0	0.053	0	0.500	0.924	0.960
HUS1	ATRIP	9606.ENSP00000258774	9606.ENSP00000323099	0	0	0	0	0.067	0	0.500	0.949	0.974
HUS1	TOPBP1	9606.ENSP00000258774	9606.ENSP00000260810	0	0	0	0	0.049	0.363	0.500	0.990	0.996
HUS1	RAD9A	9606.ENSP00000258774	9606.ENSP00000311360	0	0	0	0	0	0.995	0.800	0.999	0.999
KRAS	PIK3R2	9606.ENSP00000256078	9606.ENSP00000222254	0	0	0	0	0.047	0.147	0.900	0.417	0.946
KRAS	CCND1	9606.ENSP00000256078	9606.ENSP00000227507	0	0	0	0	0.058	0.101	0	0.821	0.835
KRAS	MLH1	9606.ENSP00000256078	9606.ENSP00000231790	0.042	0	0	0	0.044	0	0	0.868	0.868
KRAS	MSH2	9606.ENSP00000256078	9606.ENSP00000233146	0	0	0	0	0.049	0	0	0.816	0.818
KRAS	ABL1	9606.ENSP00000256078	9606.ENSP00000361423	0	0	0	0	0.074	0.110	0	0.669	0.703
KRAS	ATM	9606.ENSP00000256078	9606.ENSP00000278616	0	0	0	0	0.063	0.071	0	0.702	0.718
KRAS	BRCA1	9606.ENSP00000256078	9606.ENSP00000418960	0	0	0	0	0	0	0	0.721	0.721
KRAS	BRCA2	9606.ENSP00000256078	9606.ENSP00000369497	0	0	0	0	0.044	0	0	0.720	0.721
KRAS	PTK2	9606.ENSP00000256078	9606.ENSP00000341189	0	0	0	0	0.079	0	0.500	0.460	0.729
KRAS	CDK4	9606.ENSP00000256078	9606.ENSP00000257904	0	0	0	0	0.067	0.195	0	0.684	0.743
KRAS	ESR1	9606.ENSP00000256078	9606.ENSP00000405330	0	0	0	0	0	0.073	0	0.756	0.764
KRAS	PMS2	9606.ENSP00000256078	9606.ENSP00000265849	0.042	0	0	0	0.044	0	0	0.775	0.776
KRAS	NOTCH1	9606.ENSP00000256078	9606.ENSP00000498587	0	0	0	0	0.044	0.553	0	0.683	0.853
KRAS	MYC	9606.ENSP00000256078	9606.ENSP00000478887	0	0	0	0	0.059	0.075	0	0.865	0.872
KRAS	ARID1A	9606.ENSP00000256078	9606.ENSP00000320485	0	0	0	0	0.049	0.068	0	0.869	0.873
KRAS	STK11	9606.ENSP00000256078	9606.ENSP00000324856	0	0	0	0	0.054	0.090	0	0.872	0.880
KRAS	PTEN	9606.ENSP00000256078	9606.ENSP00000361021	0	0	0	0	0.078	0.099	0	0.930	0.936
KRAS	TP53	9606.ENSP00000256078	9606.ENSP00000269305	0	0	0	0	0.074	0	0	0.947	0.949
KRAS	PIK3R3	9606.ENSP00000256078	9606.ENSP00000262741	0	0	0	0	0	0.065	0.900	0.535	0.952
KRAS	PIK3R1	9606.ENSP00000256078	9606.ENSP00000428056	0	0	0	0	0.072	0.102	0.900	0.618	0.963
KRAS	ERBB2	9606.ENSP00000256078	9606.ENSP00000269571	0	0	0	0	0.053	0.199	0.500	0.923	0.966
KRAS	PIK3CD	9606.ENSP00000256078	9606.ENSP00000366563	0	0	0	0	0.056	0.352	0.900	0.637	0.974
KRAS	HRAS	9606.ENSP00000256078	9606.ENSP00000407586	0	0	0.050	0.981	0	0.883	0.900	0.411	0.992
KRAS	CDKN2A	9606.ENSP00000256078	9606.ENSP00000418915	0	0	0	0	0.055	0.102	0.900	0.917	0.992
KRAS	NF1	9606.ENSP00000256078	9606.ENSP00000351015	0	0	0	0	0.064	0.543	0.900	0.925	0.996
KRAS	EGFR	9606.ENSP00000256078	9606.ENSP00000275493	0	0	0	0	0.053	0.662	0.900	0.918	0.997
KRAS	PIK3CA	9606.ENSP00000256078	9606.ENSP00000263967	0	0	0	0	0.143	0.627	0.900	0.951	0.998
LOC102723407	CCND1	9606.ENSP00000478289	9606.ENSP00000227507	0	0	0	0	0	0	0	0.909	0.909
LOC102723407	TP53	9606.ENSP00000478289	9606.ENSP00000269305	0	0	0	0	0	0	0	0.813	0.813
LOC102723407	EGFR	9606.ENSP00000478289	9606.ENSP00000275493	0	0	0	0	0	0.900	0	0.254	0.922
LOC102723407	ATM	9606.ENSP00000478289	9606.ENSP00000278616	0	0	0	0	0	0	0	0.787	0.787
LOC102723407	CDKN2A	9606.ENSP00000478289	9606.ENSP00000418915	0	0	0	0	0	0	0	0.717	0.717
LOC102723407	MYC	9606.ENSP00000478289	9606.ENSP00000478887	0	0	0	0	0	0	0	0.922	0.922
MDM2	CCND1	9606.ENSP00000258149	9606.ENSP00000227507	0	0	0	0	0.055	0.292	0	0.898	0.926
MDM2	CDK4	9606.ENSP00000258149	9606.ENSP00000257904	0	0	0	0	0.042	0	0	0.884	0.884
MDM2	BRCA2	9606.ENSP00000258149	9606.ENSP00000369497	0	0	0	0	0.058	0	0	0.696	0.702
MDM2	STK11	9606.ENSP00000258149	9606.ENSP00000324856	0	0	0	0	0.045	0.470	0	0.500	0.725
MDM2	PLK1	9606.ENSP00000258149	9606.ENSP00000300093	0	0	0	0	0	0.292	0	0.692	0.772
MDM2	NBN	9606.ENSP00000258149	9606.ENSP00000265433	0	0	0	0	0.049	0.516	0	0.548	0.774
MDM2	BRCA1	9606.ENSP00000258149	9606.ENSP00000418960	0	0	0	0	0	0	0	0.794	0.794
MDM2	MYC	9606.ENSP00000258149	9606.ENSP00000478887	0	0	0	0	0	0.221	0	0.770	0.813
MDM2	NOTCH1	9606.ENSP00000258149	9606.ENSP00000498587	0	0	0	0	0.047	0.517	0	0.687	0.843
MDM2	CDK2	9606.ENSP00000258149	9606.ENSP00000266970	0	0	0	0	0	0	0.400	0.759	0.849
MDM2	ABL1	9606.ENSP00000258149	9606.ENSP00000361423	0	0	0	0	0	0.628	0	0.732	0.896
MDM2	EGFR	9606.ENSP00000258149	9606.ENSP00000275493	0	0	0	0	0	0	0.650	0.718	0.897
MDM2	PTEN	9606.ENSP00000258149	9606.ENSP00000361021	0	0	0	0	0.069	0.045	0.400	0.838	0.902
MDM2	ESR1	9606.ENSP00000258149	9606.ENSP00000405330	0	0	0	0	0.042	0.785	0	0.762	0.946
MDM2	CDKN1A	9606.ENSP00000258149	9606.ENSP00000384849	0	0	0	0	0.072	0.848	0	0.873	0.980
MDM2	E2F1	9606.ENSP00000258149	9606.ENSP00000345571	0	0	0	0	0	0.625	0	0.980	0.992
MDM2	ATM	9606.ENSP00000258149	9606.ENSP00000278616	0	0	0	0	0.092	0.621	0.750	0.955	0.995
MDM2	AR	9606.ENSP00000258149	9606.ENSP00000363822	0	0	0	0	0	0.920	0	0.979	0.998
MDM2	RB1	9606.ENSP00000258149	9606.ENSP00000267163	0	0	0	0	0.042	0.889	0.900	0.925	0.999
MDM2	CDKN2A	9606.ENSP00000258149	9606.ENSP00000418915	0	0	0	0	0.068	0.992	0.900	0.999	0.999
MDM2	TP53	9606.ENSP00000258149	9606.ENSP00000269305	0	0	0	0	0.116	0.999	0.900	0.999	0.999
MLH1	STK11	9606.ENSP00000231790	9606.ENSP00000324856	0	0	0	0	0.055	0	0	0.726	0.730
MLH1	CDK2	9606.ENSP00000231790	9606.ENSP00000266970	0	0.018	0	0	0.083	0.071	0.500	0.447	0.733
MLH1	CDK4	9606.ENSP00000231790	9606.ENSP00000257904	0	0.025	0	0	0.102	0.071	0.500	0.458	0.743
MLH1	NF1	9606.ENSP00000231790	9606.ENSP00000351015	0	0	0	0	0.042	0	0	0.763	0.764
MLH1	PIK3CA	9606.ENSP00000231790	9606.ENSP00000263967	0	0	0	0	0.049	0	0	0.788	0.789
MLH1	PTEN	9606.ENSP00000231790	9606.ENSP00000361021	0	0	0	0	0.086	0.098	0	0.810	0.830
MLH1	XPA	9606.ENSP00000231790	9606.ENSP00000364270	0	0	0	0	0.049	0.190	0.540	0.597	0.838
MLH1	H2AX	9606.ENSP00000231790	9606.ENSP00000434024	0	0	0	0	0.045	0.292	0.500	0.593	0.844
MLH1	CDKN2A	9606.ENSP00000231790	9606.ENSP00000418915	0	0	0	0	0	0	0	0.855	0.855
MLH1	PRKDC	9606.ENSP00000231790	9606.ENSP00000313420	0	0	0	0	0.129	0.166	0.540	0.639	0.863
MLH1	KRAS	9606.ENSP00000231790	9606.ENSP00000256078	0.042	0	0	0	0.044	0	0	0.868	0.868
MLH1	NBN	9606.ENSP00000231790	9606.ENSP00000265433	0	0	0	0	0.099	0.510	0	0.774	0.891
MLH1	BRCA2	9606.ENSP00000231790	9606.ENSP00000369497	0	0	0	0	0.044	0	0.540	0.905	0.954
MLH1	TP53	9606.ENSP00000231790	9606.ENSP00000269305	0	0	0	0	0	0	0.750	0.867	0.965
MLH1	BRCA1	9606.ENSP00000231790	9606.ENSP00000418960	0	0	0	0	0.087	0.835	0.540	0.930	0.994
MLH1	ATM	9606.ENSP00000231790	9606.ENSP00000278616	0	0	0	0	0.055	0.287	0.540	0.991	0.997
MLH1	PMS1	9606.ENSP00000231790	9606.ENSP00000406490	0	0	0.124	0.587	0.095	0.935	0.540	0.992	0.999
MLH1	BLM	9606.ENSP00000231790	9606.ENSP00000347232	0.045	0	0	0	0.135	0.996	0.500	0.807	0.999
MLH1	MSH2	9606.ENSP00000231790	9606.ENSP00000233146	0.061	0	0.286	0	0.384	0.923	0.540	0.999	0.999
MLH1	PMS2	9606.ENSP00000231790	9606.ENSP00000265849	0	0	0.109	0.619	0.121	0.997	0.900	0.992	0.999
MSH2	MLH1	9606.ENSP00000233146	9606.ENSP00000231790	0.061	0	0.286	0	0.384	0.923	0.540	0.999	0.999
MSH2	H2AX	9606.ENSP00000233146	9606.ENSP00000434024	0	0	0	0	0.086	0.328	0	0.570	0.712
MSH2	PARP1	9606.ENSP00000233146	9606.ENSP00000355759	0	0	0	0	0.249	0.221	0	0.549	0.713
MSH2	NF1	9606.ENSP00000233146	9606.ENSP00000351015	0	0	0	0	0.071	0	0	0.717	0.726
MSH2	ERBB2	9606.ENSP00000233146	9606.ENSP00000269571	0	0	0	0	0	0	0	0.728	0.728
MSH2	RAD9A	9606.ENSP00000233146	9606.ENSP00000311360	0	0	0	0	0.075	0.292	0	0.622	0.731
MSH2	CHEK1	9606.ENSP00000233146	9606.ENSP00000391090	0	0	0	0	0.267	0.292	0	0.584	0.765
MSH2	PTEN	9606.ENSP00000233146	9606.ENSP00000361021	0	0	0	0	0.100	0	0	0.764	0.778
MSH2	KRAS	9606.ENSP00000233146	9606.ENSP00000256078	0	0	0	0	0.049	0	0	0.816	0.818
MSH2	NBN	9606.ENSP00000233146	9606.ENSP00000265433	0	0	0	0	0.082	0.319	0	0.742	0.824
MSH2	MYC	9606.ENSP00000233146	9606.ENSP00000478887	0	0	0	0	0.062	0.613	0	0.629	0.853
MSH2	BLM	9606.ENSP00000233146	9606.ENSP00000347232	0.047	0	0	0	0.291	0.638	0	0.664	0.907
MSH2	XPA	9606.ENSP00000233146	9606.ENSP00000364270	0	0	0	0	0.056	0.359	0.540	0.709	0.908
MSH2	PRKDC	9606.ENSP00000233146	9606.ENSP00000313420	0	0	0	0	0.200	0.059	0.900	0.503	0.957
MSH2	BRCA2	9606.ENSP00000233146	9606.ENSP00000369497	0	0	0	0	0.160	0	0.540	0.925	0.968
MSH2	TP53	9606.ENSP00000233146	9606.ENSP00000269305	0	0	0	0	0.061	0.599	0.500	0.882	0.974
MSH2	ARID1A	9606.ENSP00000233146	9606.ENSP00000320485	0	0	0	0	0.181	0	0	0.970	0.974
MSH2	BRCA1	9606.ENSP00000233146	9606.ENSP00000418960	0	0	0	0	0.227	0.725	0.540	0.946	0.994
MSH2	PMS2	9606.ENSP00000233146	9606.ENSP00000265849	0.061	0	0.332	0	0.355	0.895	0.540	0.999	0.999
MSH2	ATM	9606.ENSP00000233146	9606.ENSP00000278616	0	0	0	0	0.066	0.324	0.900	0.994	0.999
MSH2	PMS1	9606.ENSP00000233146	9606.ENSP00000406490	0.061	0	0.342	0	0.485	0.569	0.540	0.999	0.999
MYC	CCND1	9606.ENSP00000478887	9606.ENSP00000227507	0	0	0	0	0.067	0	0.400	0.950	0.969
MYC	CDKN1B	9606.ENSP00000478887	9606.ENSP00000228872	0	0	0	0	0.101	0.328	0	0.780	0.855
MYC	MSH2	9606.ENSP00000478887	9606.ENSP00000233146	0	0	0	0	0.062	0.613	0	0.629	0.853
MYC	KRAS	9606.ENSP00000478887	9606.ENSP00000256078	0	0	0	0	0.059	0.075	0	0.865	0.872
MYC	CDK4	9606.ENSP00000478887	9606.ENSP00000257904	0	0	0	0	0.100	0.642	0	0.904	0.966
MYC	MDM2	9606.ENSP00000478887	9606.ENSP00000258149	0	0	0	0	0	0.221	0	0.770	0.813
MYC	PIK3CA	9606.ENSP00000478887	9606.ENSP00000263967	0	0	0	0	0	0.179	0	0.696	0.740
MYC	CDK2	9606.ENSP00000478887	9606.ENSP00000266970	0	0	0	0	0.114	0.327	0.500	0.884	0.960
MYC	RB1	9606.ENSP00000478887	9606.ENSP00000267163	0	0	0	0	0.042	0.594	0	0.736	0.888
MYC	TP53	9606.ENSP00000478887	9606.ENSP00000269305	0	0	0	0	0.067	0.300	0	0.997	0.997
MYC	ERBB2	9606.ENSP00000478887	9606.ENSP00000269571	0	0	0	0	0	0.166	0	0.870	0.886
MYC	EGFR	9606.ENSP00000478887	9606.ENSP00000275493	0	0	0	0	0.044	0.103	0	0.866	0.875
MYC	ATM	9606.ENSP00000478887	9606.ENSP00000278616	0	0	0	0	0.060	0.129	0	0.855	0.871
MYC	PLK1	9606.ENSP00000478887	9606.ENSP00000300093	0	0	0	0	0.118	0.611	0	0.583	0.844
MYC	CDC25A	9606.ENSP00000478887	9606.ENSP00000303706	0	0	0	0	0.088	0.053	0.750	0.797	0.950
MYC	PRKDC	9606.ENSP00000478887	9606.ENSP00000313420	0	0	0	0	0.085	0.451	0	0.508	0.731
MYC	STK11	9606.ENSP00000478887	9606.ENSP00000324856	0	0	0	0	0.055	0.175	0	0.734	0.774
MYC	PGR	9606.ENSP00000478887	9606.ENSP00000325120	0	0	0	0	0.053	0.294	0	0.594	0.705
MYC	E2F1	9606.ENSP00000478887	9606.ENSP00000345571	0	0	0	0	0.084	0.166	0.500	0.990	0.995
MYC	BLM	9606.ENSP00000478887	9606.ENSP00000347232	0	0	0	0	0.055	0.394	0	0.531	0.708
MYC	PARP1	9606.ENSP00000478887	9606.ENSP00000355759	0	0	0	0	0.064	0.174	0	0.717	0.762
MYC	PTEN	9606.ENSP00000478887	9606.ENSP00000361021	0	0	0	0	0.044	0.317	0	0.870	0.908
MYC	ABL1	9606.ENSP00000478887	9606.ENSP00000361423	0	0	0	0	0.087	0.045	0	0.774	0.785
MYC	AR	9606.ENSP00000478887	9606.ENSP00000363822	0	0	0	0	0.053	0.045	0	0.695	0.700
MYC	BRCA2	9606.ENSP00000478887	9606.ENSP00000369497	0	0	0	0	0.062	0	0	0.754	0.759
MYC	CDKN1A	9606.ENSP00000478887	9606.ENSP00000384849	0	0	0	0	0.105	0.320	0.500	0.945	0.981
MYC	CHEK1	9606.ENSP00000478887	9606.ENSP00000391090	0	0	0	0	0.085	0	0	0.749	0.760
MYC	ESR1	9606.ENSP00000478887	9606.ENSP00000405330	0	0	0	0	0.053	0.620	0.500	0.913	0.982
MYC	HRAS	9606.ENSP00000478887	9606.ENSP00000407586	0	0	0	0	0.059	0.045	0	0.868	0.871
MYC	CDKN2A	9606.ENSP00000478887	9606.ENSP00000418915	0	0	0	0	0.055	0.783	0.900	0.929	0.998
MYC	BRCA1	9606.ENSP00000478887	9606.ENSP00000418960	0	0	0	0	0.049	0.825	0	0.995	0.999
MYC	H2AX	9606.ENSP00000478887	9606.ENSP00000434024	0	0	0	0	0.081	0.292	0.400	0.516	0.785
MYC	LOC102723407	9606.ENSP00000478887	9606.ENSP00000478289	0	0	0	0	0	0	0	0.922	0.922
MYC	NOTCH1	9606.ENSP00000478887	9606.ENSP00000498587	0	0	0	0	0.049	0.067	0.500	0.801	0.899
NBN	MLH1	9606.ENSP00000265433	9606.ENSP00000231790	0	0	0	0	0.099	0.510	0	0.774	0.891
NBN	MSH2	9606.ENSP00000265433	9606.ENSP00000233146	0	0	0	0	0.082	0.319	0	0.742	0.824
NBN	MDM2	9606.ENSP00000265433	9606.ENSP00000258149	0	0	0	0	0.049	0.516	0	0.548	0.774
NBN	HUS1	9606.ENSP00000265433	9606.ENSP00000258774	0	0	0	0	0.121	0	0.500	0.673	0.843
NBN	TOPBP1	9606.ENSP00000265433	9606.ENSP00000260810	0	0	0	0	0.072	0.583	0.500	0.645	0.922
NBN	XRCC2	9606.ENSP00000265433	9606.ENSP00000352271	0	0	0	0	0.048	0	0.500	0.434	0.707
NBN	RAD9A	9606.ENSP00000265433	9606.ENSP00000311360	0	0	0	0	0	0	0.500	0.477	0.727
NBN	TP53	9606.ENSP00000265433	9606.ENSP00000269305	0	0	0	0	0	0.166	0.500	0.479	0.763
NBN	ABRAXAS1	9606.ENSP00000265433	9606.ENSP00000369857	0	0	0	0	0	0	0.500	0.566	0.773
NBN	PARP1	9606.ENSP00000265433	9606.ENSP00000355759	0	0	0	0	0.057	0.292	0.500	0.446	0.790
NBN	CDK2	9606.ENSP00000265433	9606.ENSP00000266970	0	0	0	0	0.067	0.292	0.500	0.529	0.823
NBN	CHEK1	9606.ENSP00000265433	9606.ENSP00000391090	0	0	0	0	0.056	0.225	0.500	0.686	0.869
NBN	ATRIP	9606.ENSP00000265433	9606.ENSP00000323099	0	0	0	0	0.049	0.608	0.500	0.514	0.897
NBN	BRCA2	9606.ENSP00000265433	9606.ENSP00000369497	0	0	0	0	0.116	0	0.500	0.795	0.901
NBN	PRKDC	9606.ENSP00000265433	9606.ENSP00000313420	0	0	0	0	0.103	0.292	0.500	0.772	0.918
NBN	BLM	9606.ENSP00000265433	9606.ENSP00000347232	0	0	0	0	0.060	0.522	0.500	0.708	0.925
NBN	H2AX	9606.ENSP00000265433	9606.ENSP00000434024	0	0	0	0	0	0.889	0.500	0.676	0.980
NBN	BRCA1	9606.ENSP00000265433	9606.ENSP00000418960	0	0	0	0	0.068	0.868	0.540	0.902	0.993
NBN	ATM	9606.ENSP00000265433	9606.ENSP00000278616	0	0	0	0	0.049	0.989	0.900	0.935	0.999
NBN	RAD50	9606.ENSP00000265433	9606.ENSP00000368100	0	0	0	0	0.126	0.994	0.900	0.994	0.999
NF1	MLH1	9606.ENSP00000351015	9606.ENSP00000231790	0	0	0	0	0.042	0	0	0.763	0.764
NF1	MSH2	9606.ENSP00000351015	9606.ENSP00000233146	0	0	0	0	0.071	0	0	0.717	0.726
NF1	KRAS	9606.ENSP00000351015	9606.ENSP00000256078	0	0	0	0	0.064	0.543	0.900	0.925	0.996
NF1	PIK3CA	9606.ENSP00000351015	9606.ENSP00000263967	0	0	0	0	0.060	0	0	0.789	0.793
NF1	PMS2	9606.ENSP00000351015	9606.ENSP00000265849	0	0	0	0	0.060	0	0	0.739	0.745
NF1	TP53	9606.ENSP00000351015	9606.ENSP00000269305	0	0	0	0	0	0	0	0.880	0.880
NF1	ERBB2	9606.ENSP00000351015	9606.ENSP00000269571	0	0	0	0	0	0	0	0.771	0.771
NF1	EGFR	9606.ENSP00000351015	9606.ENSP00000275493	0	0	0	0	0.055	0.330	0	0.778	0.847
NF1	ATM	9606.ENSP00000351015	9606.ENSP00000278616	0	0	0	0	0.158	0	0	0.694	0.732
NF1	STK11	9606.ENSP00000351015	9606.ENSP00000324856	0	0	0	0	0.083	0.051	0	0.712	0.728
NF1	BRCA2	9606.ENSP00000351015	9606.ENSP00000369497	0	0	0	0	0.050	0	0	0.748	0.750
NF1	CDKN2A	9606.ENSP00000351015	9606.ENSP00000418915	0	0	0	0	0.042	0.043	0	0.771	0.772
NF1	PTEN	9606.ENSP00000351015	9606.ENSP00000361021	0	0	0	0	0.084	0.218	0	0.838	0.874
NF1	BRCA1	9606.ENSP00000351015	9606.ENSP00000418960	0	0	0	0	0.074	0.095	0	0.864	0.876
NF1	HRAS	9606.ENSP00000351015	9606.ENSP00000407586	0	0	0	0	0.051	0.789	0.900	0.748	0.994
NOTCH1	CCND1	9606.ENSP00000498587	9606.ENSP00000227507	0	0	0	0	0.103	0	0.500	0.800	0.902
NOTCH1	KRAS	9606.ENSP00000498587	9606.ENSP00000256078	0	0	0	0	0.044	0.553	0	0.683	0.853
NOTCH1	MDM2	9606.ENSP00000498587	9606.ENSP00000258149	0	0	0	0	0.047	0.517	0	0.687	0.843
NOTCH1	PIK3CA	9606.ENSP00000498587	9606.ENSP00000263967	0	0	0	0	0	0.314	0	0.700	0.786
NOTCH1	TP53	9606.ENSP00000498587	9606.ENSP00000269305	0	0	0	0	0.049	0.045	0	0.786	0.789
NOTCH1	ERBB2	9606.ENSP00000498587	9606.ENSP00000269571	0	0	0	0	0.049	0.075	0	0.787	0.796
NOTCH1	EGFR	9606.ENSP00000498587	9606.ENSP00000275493	0	0	0	0	0.042	0.075	0	0.872	0.877
NOTCH1	ATM	9606.ENSP00000498587	9606.ENSP00000278616	0	0	0	0	0.042	0.314	0	0.612	0.723
NOTCH1	E2F1	9606.ENSP00000498587	9606.ENSP00000345571	0	0	0	0	0.060	0.045	0.500	0.437	0.713
NOTCH1	PTEN	9606.ENSP00000498587	9606.ENSP00000361021	0	0	0	0	0.062	0.099	0	0.736	0.758
NOTCH1	HRAS	9606.ENSP00000498587	9606.ENSP00000407586	0	0	0	0	0	0.522	0	0.626	0.814
NOTCH1	CDKN2A	9606.ENSP00000498587	9606.ENSP00000418915	0	0	0	0	0.064	0.098	0	0.698	0.723
NOTCH1	MYC	9606.ENSP00000498587	9606.ENSP00000478887	0	0	0	0	0.049	0.067	0.500	0.801	0.899
PARP1	CCND1	9606.ENSP00000355759	9606.ENSP00000227507	0	0	0	0	0.045	0	0	0.722	0.724
PARP1	MSH2	9606.ENSP00000355759	9606.ENSP00000233146	0	0	0	0	0.249	0.221	0	0.549	0.713
PARP1	CDK4	9606.ENSP00000355759	9606.ENSP00000257904	0	0	0	0	0.194	0	0	0.709	0.756
PARP1	NBN	9606.ENSP00000355759	9606.ENSP00000265433	0	0	0	0	0.057	0.292	0.500	0.446	0.790
PARP1	CDK2	9606.ENSP00000355759	9606.ENSP00000266970	0	0	0	0	0.116	0.075	0	0.668	0.705
PARP1	TP53	9606.ENSP00000355759	9606.ENSP00000269305	0	0	0	0	0.067	0.794	0	0.870	0.972
PARP1	ERBB2	9606.ENSP00000355759	9606.ENSP00000269571	0	0	0	0	0	0	0	0.741	0.741
PARP1	EGFR	9606.ENSP00000355759	9606.ENSP00000275493	0	0	0	0	0.044	0.100	0	0.734	0.751
PARP1	ATM	9606.ENSP00000355759	9606.ENSP00000278616	0	0	0	0	0.056	0.292	0	0.828	0.875
PARP1	PRKDC	9606.ENSP00000355759	9606.ENSP00000313420	0	0	0	0	0.245	0.693	0	0.975	0.993
PARP1	PGR	9606.ENSP00000355759	9606.ENSP00000325120	0	0	0	0	0.092	0.309	0	0.577	0.711
PARP1	E2F1	9606.ENSP00000355759	9606.ENSP00000345571	0	0	0	0	0.097	0.516	0	0.551	0.787
PARP1	PTEN	9606.ENSP00000355759	9606.ENSP00000361021	0	0	0	0	0.086	0	0	0.712	0.726
PARP1	ESR1	9606.ENSP00000355759	9606.ENSP00000405330	0	0	0	0	0	0.312	0	0.647	0.746
PARP1	MYC	9606.ENSP00000355759	9606.ENSP00000478887	0	0	0	0	0.064	0.174	0	0.717	0.762
PARP1	ABL1	9606.ENSP00000355759	9606.ENSP00000361423	0	0	0	0	0.047	0.292	0	0.713	0.789
PARP1	XPA	9606.ENSP00000355759	9606.ENSP00000364270	0	0	0	0	0	0	0.500	0.613	0.798
PARP1	CDKN1A	9606.ENSP00000355759	9606.ENSP00000384849	0	0	0	0	0	0.625	0	0.633	0.856
PARP1	CHEK1	9606.ENSP00000355759	9606.ENSP00000391090	0	0	0	0	0.109	0.330	0	0.781	0.858
PARP1	H2AX	9606.ENSP00000355759	9606.ENSP00000434024	0	0	0	0	0.097	0.866	0	0.727	0.964
PARP1	BRCA1	9606.ENSP00000355759	9606.ENSP00000418960	0	0	0	0	0.085	0.596	0	0.935	0.974
PARP1	BRCA2	9606.ENSP00000355759	9606.ENSP00000369497	0	0	0	0	0.060	0.621	0.400	0.942	0.985
PGR	PIK3R2	9606.ENSP00000325120	9606.ENSP00000222254	0	0	0	0	0	0.065	0.900	0.138	0.912
PGR	CCND1	9606.ENSP00000325120	9606.ENSP00000227507	0	0	0	0	0.055	0.516	0	0.666	0.834
PGR	PIK3R3	9606.ENSP00000325120	9606.ENSP00000262741	0	0	0	0	0	0.065	0.900	0.132	0.911
PGR	PIK3CA	9606.ENSP00000325120	9606.ENSP00000263967	0	0	0	0	0.060	0	0.900	0.626	0.961
PGR	CDK2	9606.ENSP00000325120	9606.ENSP00000266970	0	0	0	0	0	0.512	0	0.650	0.822
PGR	RB1	9606.ENSP00000325120	9606.ENSP00000267163	0	0	0	0	0.087	0.053	0	0.768	0.782
PGR	TP53	9606.ENSP00000325120	9606.ENSP00000269305	0	0	0	0	0	0	0	0.849	0.849
PGR	ERBB2	9606.ENSP00000325120	9606.ENSP00000269571	0	0	0	0	0	0.329	0	0.972	0.980
PGR	EGFR	9606.ENSP00000325120	9606.ENSP00000275493	0	0	0	0	0	0.092	0	0.820	0.830
PGR	ARID1A	9606.ENSP00000325120	9606.ENSP00000320485	0	0	0	0	0	0.317	0	0.652	0.752
PGR	MYC	9606.ENSP00000325120	9606.ENSP00000478887	0	0	0	0	0.053	0.294	0	0.594	0.705
PGR	PARP1	9606.ENSP00000325120	9606.ENSP00000355759	0	0	0	0	0.092	0.309	0	0.577	0.711
PGR	AR	9606.ENSP00000325120	9606.ENSP00000363822	0	0	0	0.806	0.124	0	0.500	0.509	0.766
PGR	BRCA2	9606.ENSP00000325120	9606.ENSP00000369497	0	0	0	0	0	0	0	0.795	0.795
PGR	PIK3CD	9606.ENSP00000325120	9606.ENSP00000366563	0	0	0	0	0.060	0	0.900	0.136	0.911
PGR	PIK3R1	9606.ENSP00000325120	9606.ENSP00000428056	0	0	0	0	0	0.065	0.900	0.322	0.931
PGR	BRCA1	9606.ENSP00000325120	9606.ENSP00000418960	0	0	0	0	0	0.512	0	0.928	0.963
PGR	ESR1	9606.ENSP00000325120	9606.ENSP00000405330	0	0	0	0.673	0.240	0.771	0.700	0.560	0.974
PIK3C2B	PIK3R2	9606.ENSP00000356155	9606.ENSP00000222254	0	0	0	0	0.124	0	0.900	0.505	0.952
PIK3C2B	PIK3R3	9606.ENSP00000356155	9606.ENSP00000262741	0	0	0	0	0.049	0	0.900	0.504	0.948
PIK3C2B	PIK3CA	9606.ENSP00000356155	9606.ENSP00000263967	0	0	0	0.717	0	0.066	0.540	0.529	0.780
PIK3C2B	EGFR	9606.ENSP00000356155	9606.ENSP00000275493	0	0	0	0	0.044	0.838	0	0.576	0.928
PIK3C2B	PTEN	9606.ENSP00000356155	9606.ENSP00000361021	0	0	0	0	0.067	0	0.900	0.424	0.941
PIK3C2B	PIK3R1	9606.ENSP00000356155	9606.ENSP00000428056	0	0	0	0	0.044	0.138	0.900	0.498	0.953
PIK3CA	PIK3R2	9606.ENSP00000263967	9606.ENSP00000222254	0	0	0	0	0	0.881	0.922	0.996	0.999
PIK3CA	CCND1	9606.ENSP00000263967	9606.ENSP00000227507	0	0	0	0	0	0	0	0.704	0.704
PIK3CA	MLH1	9606.ENSP00000263967	9606.ENSP00000231790	0	0	0	0	0.049	0	0	0.788	0.789
PIK3CA	KRAS	9606.ENSP00000263967	9606.ENSP00000256078	0	0	0	0	0.143	0.627	0.900	0.951	0.998
PIK3CA	CDK4	9606.ENSP00000263967	9606.ENSP00000257904	0	0	0	0	0	0	0	0.709	0.709
PIK3CA	PIK3R3	9606.ENSP00000263967	9606.ENSP00000262741	0	0	0	0	0	0.881	0.944	0.994	0.999
PIK3CA	GAB1	9606.ENSP00000263967	9606.ENSP00000262995	0	0	0	0	0.060	0.041	0.900	0.224	0.920
PIK3CA	PMS2	9606.ENSP00000263967	9606.ENSP00000265849	0	0	0	0	0.067	0	0	0.704	0.712
PIK3CA	BRCA1	9606.ENSP00000263967	9606.ENSP00000418960	0	0	0	0	0	0	0	0.728	0.728
PIK3CA	MYC	9606.ENSP00000263967	9606.ENSP00000478887	0	0	0	0	0	0.179	0	0.696	0.740
PIK3CA	ABL1	9606.ENSP00000263967	9606.ENSP00000361423	0	0	0	0	0.049	0.069	0	0.754	0.763
PIK3CA	PIK3C2B	9606.ENSP00000263967	9606.ENSP00000356155	0	0	0	0.717	0	0.066	0.540	0.529	0.780
PIK3CA	NOTCH1	9606.ENSP00000263967	9606.ENSP00000498587	0	0	0	0	0	0.314	0	0.700	0.786
PIK3CA	CDKN2A	9606.ENSP00000263967	9606.ENSP00000418915	0	0	0	0	0	0	0	0.791	0.791
PIK3CA	NF1	9606.ENSP00000263967	9606.ENSP00000351015	0	0	0	0	0.060	0	0	0.789	0.793
PIK3CA	BRCA2	9606.ENSP00000263967	9606.ENSP00000369497	0	0	0	0	0.047	0	0	0.811	0.812
PIK3CA	STK11	9606.ENSP00000263967	9606.ENSP00000324856	0	0	0	0	0.049	0.178	0	0.817	0.844
PIK3CA	PIP4P2	9606.ENSP00000263967	9606.ENSP00000285419	0	0	0	0	0.048	0	0.900	0	0.900
PIK3CA	ARID1A	9606.ENSP00000263967	9606.ENSP00000320485	0	0	0	0	0.067	0	0	0.911	0.913
PIK3CA	ESR1	9606.ENSP00000263967	9606.ENSP00000405330	0	0	0	0	0	0.510	0.400	0.817	0.941
PIK3CA	TP53	9606.ENSP00000263967	9606.ENSP00000269305	0	0	0	0	0	0.292	0	0.920	0.941
PIK3CA	PGR	9606.ENSP00000263967	9606.ENSP00000325120	0	0	0	0	0.060	0	0.900	0.626	0.961
PIK3CA	PTK2	9606.ENSP00000263967	9606.ENSP00000341189	0	0	0	0	0.090	0.512	0.900	0.410	0.970
PIK3CA	ERBB2	9606.ENSP00000263967	9606.ENSP00000269571	0	0	0	0	0	0.115	0.900	0.927	0.992
PIK3CA	HRAS	9606.ENSP00000263967	9606.ENSP00000407586	0	0	0	0	0.100	0.758	0.900	0.800	0.995
PIK3CA	PTEN	9606.ENSP00000263967	9606.ENSP00000361021	0	0	0	0	0.112	0.134	0.900	0.949	0.995
PIK3CA	PIK3CD	9606.ENSP00000263967	9606.ENSP00000366563	0	0	0.060	0.888	0	0	0.900	0.983	0.998
PIK3CA	EGFR	9606.ENSP00000263967	9606.ENSP00000275493	0	0	0	0	0	0.790	0.900	0.976	0.999
PIK3CA	PIK3R1	9606.ENSP00000263967	9606.ENSP00000428056	0	0	0	0	0.156	0.997	0.967	0.998	0.999
PIK3CD	PIK3R2	9606.ENSP00000366563	9606.ENSP00000222254	0	0	0	0	0.042	0.563	0.914	0.996	0.999
PIK3CD	KRAS	9606.ENSP00000366563	9606.ENSP00000256078	0	0	0	0	0.056	0.352	0.900	0.637	0.974
PIK3CD	PIK3R3	9606.ENSP00000366563	9606.ENSP00000262741	0	0	0	0	0	0.610	0.914	0.996	0.999
PIK3CD	GAB1	9606.ENSP00000366563	9606.ENSP00000262995	0	0	0	0	0	0.041	0.900	0.282	0.925
PIK3CD	PIK3CA	9606.ENSP00000366563	9606.ENSP00000263967	0	0	0.060	0.888	0	0	0.900	0.983	0.998
PIK3CD	ERBB2	9606.ENSP00000366563	9606.ENSP00000269571	0	0	0	0	0	0	0.900	0.440	0.941
PIK3CD	EGFR	9606.ENSP00000366563	9606.ENSP00000275493	0	0	0	0	0.042	0	0.900	0.443	0.942
PIK3CD	PIP4P2	9606.ENSP00000366563	9606.ENSP00000285419	0	0	0	0	0	0	0.900	0	0.900
PIK3CD	PGR	9606.ENSP00000366563	9606.ENSP00000325120	0	0	0	0	0.060	0	0.900	0.136	0.911
PIK3CD	PTK2	9606.ENSP00000366563	9606.ENSP00000341189	0	0	0	0	0.101	0.045	0.900	0.223	0.924
PIK3CD	PTEN	9606.ENSP00000366563	9606.ENSP00000361021	0	0	0	0	0.058	0.134	0.900	0.708	0.973
PIK3CD	HRAS	9606.ENSP00000366563	9606.ENSP00000407586	0	0	0	0	0.056	0.644	0.900	0.239	0.971
PIK3CD	PIK3R1	9606.ENSP00000366563	9606.ENSP00000428056	0	0	0	0	0.042	0.987	0.914	0.995	0.999
PIK3R1	PIK3R2	9606.ENSP00000428056	9606.ENSP00000222254	0	0	0.052	0.960	0.044	0.864	0.900	0.959	0.999
PIK3R1	KRAS	9606.ENSP00000428056	9606.ENSP00000256078	0	0	0	0	0.072	0.102	0.900	0.618	0.963
PIK3R1	PIK3R3	9606.ENSP00000428056	9606.ENSP00000262741	0	0	0.050	0.974	0.042	0.807	0.944	0.768	0.997
PIK3R1	GAB1	9606.ENSP00000428056	9606.ENSP00000262995	0	0	0	0	0.049	0.880	0.900	0.309	0.991
PIK3R1	PIK3CA	9606.ENSP00000428056	9606.ENSP00000263967	0	0	0	0	0.156	0.997	0.967	0.998	0.999
PIK3R1	TP53	9606.ENSP00000428056	9606.ENSP00000269305	0	0	0	0	0	0	0	0.853	0.853
PIK3R1	ERBB2	9606.ENSP00000428056	9606.ENSP00000269571	0	0	0	0	0	0.840	0.900	0.728	0.995
PIK3R1	EGFR	9606.ENSP00000428056	9606.ENSP00000275493	0	0	0	0	0.042	0.900	0.900	0.901	0.998
PIK3R1	PIP4P2	9606.ENSP00000428056	9606.ENSP00000285419	0	0	0	0	0	0	0.900	0.050	0.900
PIK3R1	PGR	9606.ENSP00000428056	9606.ENSP00000325120	0	0	0	0	0	0.065	0.900	0.322	0.931
PIK3R1	PTK2	9606.ENSP00000428056	9606.ENSP00000341189	0	0	0	0	0.042	0.785	0.900	0.489	0.988
PIK3R1	PIK3C2B	9606.ENSP00000428056	9606.ENSP00000356155	0	0	0	0	0.044	0.138	0.900	0.498	0.953
PIK3R1	PTEN	9606.ENSP00000428056	9606.ENSP00000361021	0	0	0	0	0.056	0.554	0.900	0.943	0.997
PIK3R1	ABL1	9606.ENSP00000428056	9606.ENSP00000361423	0	0	0	0.551	0.062	0.793	0	0.203	0.832
PIK3R1	PIK3CD	9606.ENSP00000428056	9606.ENSP00000366563	0	0	0	0	0.042	0.987	0.914	0.995	0.999
PIK3R1	ESR1	9606.ENSP00000428056	9606.ENSP00000405330	0	0	0	0	0	0.708	0.400	0.971	0.994
PIK3R1	HRAS	9606.ENSP00000428056	9606.ENSP00000407586	0	0	0	0	0	0.688	0.900	0.707	0.990
PIK3R1	BRCA1	9606.ENSP00000428056	9606.ENSP00000418960	0	0	0	0	0	0.362	0	0.649	0.766
PIK3R2	PIP4P2	9606.ENSP00000222254	9606.ENSP00000285419	0	0	0	0	0	0	0.900	0.055	0.901
PIK3R2	PGR	9606.ENSP00000222254	9606.ENSP00000325120	0	0	0	0	0	0.065	0.900	0.138	0.912
PIK3R2	GAB1	9606.ENSP00000222254	9606.ENSP00000262995	0	0	0	0	0	0.199	0.900	0.150	0.926
PIK3R2	HRAS	9606.ENSP00000222254	9606.ENSP00000407586	0	0	0	0	0.059	0.065	0.900	0.305	0.930
PIK3R2	PTK2	9606.ENSP00000222254	9606.ENSP00000341189	0	0	0	0	0.042	0.292	0.900	0.146	0.934
PIK3R2	KRAS	9606.ENSP00000222254	9606.ENSP00000256078	0	0	0	0	0.047	0.147	0.900	0.417	0.946
PIK3R2	PIK3C2B	9606.ENSP00000222254	9606.ENSP00000356155	0	0	0	0	0.124	0	0.900	0.505	0.952
PIK3R2	ERBB2	9606.ENSP00000222254	9606.ENSP00000269571	0	0	0	0	0.049	0.794	0.900	0.365	0.985
PIK3R2	PTEN	9606.ENSP00000222254	9606.ENSP00000361021	0	0	0	0	0	0.313	0.900	0.806	0.985
PIK3R2	EGFR	9606.ENSP00000222254	9606.ENSP00000275493	0	0	0	0	0.044	0.848	0.900	0.623	0.993
PIK3R2	PIK3R3	9606.ENSP00000222254	9606.ENSP00000262741	0	0	0.049	0.971	0.049	0.835	0.900	0.957	0.999
PIK3R2	PIK3R1	9606.ENSP00000222254	9606.ENSP00000428056	0	0	0.052	0.960	0.044	0.864	0.900	0.959	0.999
PIK3R2	PIK3CD	9606.ENSP00000222254	9606.ENSP00000366563	0	0	0	0	0.042	0.563	0.914	0.996	0.999
PIK3R2	PIK3CA	9606.ENSP00000222254	9606.ENSP00000263967	0	0	0	0	0	0.881	0.922	0.996	0.999
PIK3R3	PIK3R2	9606.ENSP00000262741	9606.ENSP00000222254	0	0	0.049	0.971	0.049	0.835	0.900	0.957	0.999
PIK3R3	KRAS	9606.ENSP00000262741	9606.ENSP00000256078	0	0	0	0	0	0.065	0.900	0.535	0.952
PIK3R3	PIP4P2	9606.ENSP00000262741	9606.ENSP00000285419	0	0	0	0	0	0	0.900	0.063	0.902
PIK3R3	PGR	9606.ENSP00000262741	9606.ENSP00000325120	0	0	0	0	0	0.065	0.900	0.132	0.911
PIK3R3	HRAS	9606.ENSP00000262741	9606.ENSP00000407586	0	0	0	0	0	0.065	0.900	0.232	0.922
PIK3R3	GAB1	9606.ENSP00000262741	9606.ENSP00000262995	0	0	0	0	0.067	0.199	0.900	0.113	0.924
PIK3R3	PIK3C2B	9606.ENSP00000262741	9606.ENSP00000356155	0	0	0	0	0.049	0	0.900	0.504	0.948
PIK3R3	PTEN	9606.ENSP00000262741	9606.ENSP00000361021	0	0	0	0	0	0.070	0.900	0.558	0.955
PIK3R3	PTK2	9606.ENSP00000262741	9606.ENSP00000341189	0	0	0	0	0.098	0.670	0.900	0.145	0.971
PIK3R3	ERBB2	9606.ENSP00000262741	9606.ENSP00000269571	0	0	0	0	0.044	0.440	0.900	0.593	0.975
PIK3R3	EGFR	9606.ENSP00000262741	9606.ENSP00000275493	0	0	0	0	0	0.810	0.900	0.554	0.990
PIK3R3	PIK3R1	9606.ENSP00000262741	9606.ENSP00000428056	0	0	0.050	0.974	0.042	0.807	0.944	0.768	0.997
PIK3R3	PIK3CA	9606.ENSP00000262741	9606.ENSP00000263967	0	0	0	0	0	0.881	0.944	0.994	0.999
PIK3R3	PIK3CD	9606.ENSP00000262741	9606.ENSP00000366563	0	0	0	0	0	0.610	0.914	0.996	0.999
PIP4P2	PIK3R2	9606.ENSP00000285419	9606.ENSP00000222254	0	0	0	0	0	0	0.900	0.055	0.901
PIP4P2	PIK3R3	9606.ENSP00000285419	9606.ENSP00000262741	0	0	0	0	0	0	0.900	0.063	0.902
PIP4P2	PIK3CA	9606.ENSP00000285419	9606.ENSP00000263967	0	0	0	0	0.048	0	0.900	0	0.900
PIP4P2	PIK3CD	9606.ENSP00000285419	9606.ENSP00000366563	0	0	0	0	0	0	0.900	0	0.900
PIP4P2	PIK3R1	9606.ENSP00000285419	9606.ENSP00000428056	0	0	0	0	0	0	0.900	0.050	0.900
PIP4P2	PTEN	9606.ENSP00000285419	9606.ENSP00000361021	0	0	0	0	0.067	0	0.900	0.067	0.905
PLK1	CCND1	9606.ENSP00000300093	9606.ENSP00000227507	0	0	0	0	0.067	0.071	0	0.710	0.727
PLK1	CDK4	9606.ENSP00000300093	9606.ENSP00000257904	0	0	0	0.618	0.336	0.372	0	0.535	0.789
PLK1	MDM2	9606.ENSP00000300093	9606.ENSP00000258149	0	0	0	0	0	0.292	0	0.692	0.772
PLK1	TOPBP1	9606.ENSP00000300093	9606.ENSP00000260810	0	0	0	0	0.122	0.633	0	0.468	0.814
PLK1	CDK2	9606.ENSP00000300093	9606.ENSP00000266970	0	0	0	0.628	0.368	0.150	0	0.558	0.742
PLK1	TP53	9606.ENSP00000300093	9606.ENSP00000269305	0	0	0	0	0.073	0.737	0	0.930	0.981
PLK1	ATM	9606.ENSP00000300093	9606.ENSP00000278616	0	0	0	0	0.042	0	0	0.767	0.768
PLK1	H2AX	9606.ENSP00000300093	9606.ENSP00000434024	0	0	0	0	0.175	0	0.500	0.433	0.745
PLK1	MYC	9606.ENSP00000300093	9606.ENSP00000478887	0	0	0	0	0.118	0.611	0	0.583	0.844
PLK1	PTEN	9606.ENSP00000300093	9606.ENSP00000361021	0	0	0	0	0.091	0.571	0	0.694	0.870
PLK1	BRCA1	9606.ENSP00000300093	9606.ENSP00000418960	0	0	0	0	0.235	0.781	0	0.783	0.960
PLK1	CDC25A	9606.ENSP00000300093	9606.ENSP00000303706	0	0	0	0	0.318	0.139	0.900	0.637	0.975
PLK1	BRCA2	9606.ENSP00000300093	9606.ENSP00000369497	0	0	0	0	0.180	0.982	0	0.745	0.996
PMS1	MLH1	9606.ENSP00000406490	9606.ENSP00000231790	0	0	0.124	0.587	0.095	0.935	0.540	0.992	0.999
PMS1	MSH2	9606.ENSP00000406490	9606.ENSP00000233146	0.061	0	0.342	0	0.485	0.569	0.540	0.999	0.999
PMS1	PMS2	9606.ENSP00000406490	9606.ENSP00000265849	0	0	0.143	0.612	0.166	0.128	0.540	0.973	0.991
PMS1	TP53	9606.ENSP00000406490	9606.ENSP00000269305	0	0	0	0	0.049	0.164	0	0.660	0.706
PMS1	ATM	9606.ENSP00000406490	9606.ENSP00000278616	0	0	0	0	0.111	0	0.540	0.692	0.863
PMS1	PRKDC	9606.ENSP00000406490	9606.ENSP00000313420	0	0	0	0	0.083	0	0.540	0.558	0.797
PMS1	XPA	9606.ENSP00000406490	9606.ENSP00000364270	0	0	0	0	0.060	0.100	0.540	0.500	0.779
PMS1	BRCA2	9606.ENSP00000406490	9606.ENSP00000369497	0	0	0	0	0.056	0.142	0.540	0.629	0.843
PMS1	BRCA1	9606.ENSP00000406490	9606.ENSP00000418960	0	0	0	0	0.080	0	0.540	0.752	0.886
PMS2	MLH1	9606.ENSP00000265849	9606.ENSP00000231790	0	0	0.109	0.619	0.121	0.997	0.900	0.992	0.999
PMS2	MSH2	9606.ENSP00000265849	9606.ENSP00000233146	0.061	0	0.332	0	0.355	0.895	0.540	0.999	0.999
PMS2	KRAS	9606.ENSP00000265849	9606.ENSP00000256078	0.042	0	0	0	0.044	0	0	0.775	0.776
PMS2	PIK3CA	9606.ENSP00000265849	9606.ENSP00000263967	0	0	0	0	0.067	0	0	0.704	0.712
PMS2	FANCC	9606.ENSP00000265849	9606.ENSP00000289081	0	0	0	0	0.264	0.155	0	0.571	0.709
PMS2	STK11	9606.ENSP00000265849	9606.ENSP00000324856	0	0	0	0	0.049	0	0	0.710	0.712
PMS2	NF1	9606.ENSP00000265849	9606.ENSP00000351015	0	0	0	0	0.060	0	0	0.739	0.745
PMS2	XRCC2	9606.ENSP00000265849	9606.ENSP00000352271	0	0	0	0	0.106	0	0	0.743	0.760
PMS2	PRKDC	9606.ENSP00000265849	9606.ENSP00000313420	0	0	0	0	0.060	0.166	0.540	0.634	0.850
PMS2	ATM	9606.ENSP00000265849	9606.ENSP00000278616	0	0	0	0	0.062	0	0.540	0.757	0.886
PMS2	XPA	9606.ENSP00000265849	9606.ENSP00000364270	0	0.345	0	0	0.049	0.198	0.540	0.621	0.897
PMS2	TP53	9606.ENSP00000265849	9606.ENSP00000269305	0	0	0	0	0.049	0.164	0.750	0.719	0.936
PMS2	BRCA2	9606.ENSP00000265849	9606.ENSP00000369497	0	0	0	0	0.049	0.142	0.540	0.875	0.947
PMS2	BRCA1	9606.ENSP00000265849	9606.ENSP00000418960	0	0	0	0	0.085	0.238	0.540	0.864	0.950
PMS2	PMS1	9606.ENSP00000265849	9606.ENSP00000406490	0	0	0.143	0.612	0.166	0.128	0.540	0.973	0.991
PRKDC	MLH1	9606.ENSP00000313420	9606.ENSP00000231790	0	0	0	0	0.129	0.166	0.540	0.639	0.863
PRKDC	MSH2	9606.ENSP00000313420	9606.ENSP00000233146	0	0	0	0	0.200	0.059	0.900	0.503	0.957
PRKDC	HUS1	9606.ENSP00000313420	9606.ENSP00000258774	0	0	0	0	0.060	0	0	0.695	0.701
PRKDC	NBN	9606.ENSP00000313420	9606.ENSP00000265433	0	0	0	0	0.103	0.292	0.500	0.772	0.918
PRKDC	PMS2	9606.ENSP00000313420	9606.ENSP00000265849	0	0	0	0	0.060	0.166	0.540	0.634	0.850
PRKDC	TP53	9606.ENSP00000313420	9606.ENSP00000269305	0	0	0	0	0.042	0.869	0.900	0.807	0.997
PRKDC	EGFR	9606.ENSP00000313420	9606.ENSP00000275493	0	0	0	0	0.044	0.361	0	0.904	0.936
PRKDC	ATM	9606.ENSP00000313420	9606.ENSP00000278616	0	0	0	0.548	0.158	0.413	0.900	0.489	0.971
PRKDC	ESR1	9606.ENSP00000313420	9606.ENSP00000405330	0	0	0	0	0	0.306	0	0.610	0.717
PRKDC	MYC	9606.ENSP00000313420	9606.ENSP00000478887	0	0	0	0	0.085	0.451	0	0.508	0.731
PRKDC	PMS1	9606.ENSP00000313420	9606.ENSP00000406490	0	0	0	0	0.083	0	0.540	0.558	0.797
PRKDC	ABL1	9606.ENSP00000313420	9606.ENSP00000361423	0	0	0	0	0.048	0.315	0	0.721	0.802
PRKDC	XPA	9606.ENSP00000313420	9606.ENSP00000364270	0	0	0	0	0	0.519	0.540	0.513	0.883
PRKDC	BRCA2	9606.ENSP00000313420	9606.ENSP00000369497	0	0	0	0	0.092	0	0.540	0.751	0.887
PRKDC	CHEK1	9606.ENSP00000313420	9606.ENSP00000391090	0	0	0	0	0.124	0.504	0	0.847	0.928
PRKDC	BRCA1	9606.ENSP00000313420	9606.ENSP00000418960	0	0	0	0	0.210	0.292	0.540	0.846	0.955
PRKDC	ATRIP	9606.ENSP00000313420	9606.ENSP00000323099	0	0	0	0	0.049	0.292	0	0.963	0.973
PRKDC	H2AX	9606.ENSP00000313420	9606.ENSP00000434024	0	0	0	0	0.075	0.833	0.500	0.810	0.983
PRKDC	PARP1	9606.ENSP00000313420	9606.ENSP00000355759	0	0	0	0	0.245	0.693	0	0.975	0.993
PTEN	PIK3R2	9606.ENSP00000361021	9606.ENSP00000222254	0	0	0	0	0	0.313	0.900	0.806	0.985
PTEN	CCND1	9606.ENSP00000361021	9606.ENSP00000227507	0	0	0	0	0.070	0	0	0.850	0.855
PTEN	CDKN1B	9606.ENSP00000361021	9606.ENSP00000228872	0	0	0	0	0.060	0	0	0.831	0.834
PTEN	MLH1	9606.ENSP00000361021	9606.ENSP00000231790	0	0	0	0	0.086	0.098	0	0.810	0.830
PTEN	MSH2	9606.ENSP00000361021	9606.ENSP00000233146	0	0	0	0	0.100	0	0	0.764	0.778
PTEN	KRAS	9606.ENSP00000361021	9606.ENSP00000256078	0	0	0	0	0.078	0.099	0	0.930	0.936
PTEN	CDK4	9606.ENSP00000361021	9606.ENSP00000257904	0	0	0	0	0.078	0.236	0	0.824	0.865
PTEN	MDM2	9606.ENSP00000361021	9606.ENSP00000258149	0	0	0	0	0.069	0.045	0.400	0.838	0.902
PTEN	PIK3R3	9606.ENSP00000361021	9606.ENSP00000262741	0	0	0	0	0	0.070	0.900	0.558	0.955
PTEN	PIK3CA	9606.ENSP00000361021	9606.ENSP00000263967	0	0	0	0	0.112	0.134	0.900	0.949	0.995
PTEN	CDK2	9606.ENSP00000361021	9606.ENSP00000266970	0	0	0	0	0.078	0.126	0	0.754	0.784
PTEN	RB1	9606.ENSP00000361021	9606.ENSP00000267163	0	0	0	0	0.105	0	0	0.715	0.734
PTEN	TP53	9606.ENSP00000361021	9606.ENSP00000269305	0	0	0	0	0.067	0.748	0.900	0.968	0.999
PTEN	ERBB2	9606.ENSP00000361021	9606.ENSP00000269571	0	0	0	0	0	0.070	0	0.864	0.868
PTEN	EGFR	9606.ENSP00000361021	9606.ENSP00000275493	0	0	0	0	0	0.608	0	0.925	0.969
PTEN	ATM	9606.ENSP00000361021	9606.ENSP00000278616	0	0	0	0	0.087	0	0	0.892	0.897
PTEN	PIP4P2	9606.ENSP00000361021	9606.ENSP00000285419	0	0	0	0	0.067	0	0.900	0.067	0.905
PTEN	PLK1	9606.ENSP00000361021	9606.ENSP00000300093	0	0	0	0	0.091	0.571	0	0.694	0.870
PTEN	ARID1A	9606.ENSP00000361021	9606.ENSP00000320485	0	0	0	0	0.057	0.073	0	0.729	0.743
PTEN	STK11	9606.ENSP00000361021	9606.ENSP00000324856	0	0	0	0	0	0.331	0	0.971	0.979
PTEN	PTK2	9606.ENSP00000361021	9606.ENSP00000341189	0	0	0	0	0	0.801	0.900	0.808	0.995
PTEN	E2F1	9606.ENSP00000361021	9606.ENSP00000345571	0	0	0	0	0.055	0.292	0	0.779	0.839
PTEN	NF1	9606.ENSP00000361021	9606.ENSP00000351015	0	0	0	0	0.084	0.218	0	0.838	0.874
PTEN	PARP1	9606.ENSP00000361021	9606.ENSP00000355759	0	0	0	0	0.086	0	0	0.712	0.726
PTEN	PIK3C2B	9606.ENSP00000361021	9606.ENSP00000356155	0	0	0	0	0.067	0	0.900	0.424	0.941
PTEN	NOTCH1	9606.ENSP00000361021	9606.ENSP00000498587	0	0	0	0	0.062	0.099	0	0.736	0.758
PTEN	CHEK1	9606.ENSP00000361021	9606.ENSP00000391090	0	0	0	0	0	0.165	0	0.760	0.791
PTEN	CDKN1A	9606.ENSP00000361021	9606.ENSP00000384849	0	0	0	0	0	0	0	0.792	0.792
PTEN	ESR1	9606.ENSP00000361021	9606.ENSP00000405330	0	0	0	0	0	0.295	0	0.737	0.807
PTEN	BRCA1	9606.ENSP00000361021	9606.ENSP00000418960	0	0	0	0	0.067	0	0	0.816	0.821
PTEN	HRAS	9606.ENSP00000361021	9606.ENSP00000407586	0	0	0	0	0.059	0.099	0	0.808	0.823
PTEN	BRCA2	9606.ENSP00000361021	9606.ENSP00000369497	0	0	0	0	0	0	0	0.877	0.877
PTEN	AR	9606.ENSP00000361021	9606.ENSP00000363822	0	0	0	0	0	0.295	0	0.853	0.892
PTEN	MYC	9606.ENSP00000361021	9606.ENSP00000478887	0	0	0	0	0.044	0.317	0	0.870	0.908
PTEN	CDKN2A	9606.ENSP00000361021	9606.ENSP00000418915	0	0	0	0	0.053	0.188	0	0.908	0.923
PTEN	PIK3CD	9606.ENSP00000361021	9606.ENSP00000366563	0	0	0	0	0.058	0.134	0.900	0.708	0.973
PTEN	PIK3R1	9606.ENSP00000361021	9606.ENSP00000428056	0	0	0	0	0.056	0.554	0.900	0.943	0.997
PTK2	PIK3R2	9606.ENSP00000341189	9606.ENSP00000222254	0	0	0	0	0.042	0.292	0.900	0.146	0.934
PTK2	KRAS	9606.ENSP00000341189	9606.ENSP00000256078	0	0	0	0	0.079	0	0.500	0.460	0.729
PTK2	PIK3R3	9606.ENSP00000341189	9606.ENSP00000262741	0	0	0	0	0.098	0.670	0.900	0.145	0.971
PTK2	PIK3CA	9606.ENSP00000341189	9606.ENSP00000263967	0	0	0	0	0.090	0.512	0.900	0.410	0.970
PTK2	TP53	9606.ENSP00000341189	9606.ENSP00000269305	0	0	0	0	0	0.829	0	0.596	0.928
PTK2	ERBB2	9606.ENSP00000341189	9606.ENSP00000269571	0	0	0	0.598	0.060	0.786	0.900	0.564	0.990
PTK2	EGFR	9606.ENSP00000341189	9606.ENSP00000275493	0	0	0	0.597	0.086	0.994	0.900	0.926	0.999
PTK2	SHC4	9606.ENSP00000341189	9606.ENSP00000329668	0	0	0	0	0	0	0.900	0.133	0.909
PTK2	ESR1	9606.ENSP00000341189	9606.ENSP00000405330	0	0	0	0	0.052	0	0.500	0.682	0.836
PTK2	PIK3CD	9606.ENSP00000341189	9606.ENSP00000366563	0	0	0	0	0.101	0.045	0.900	0.223	0.924
PTK2	PIK3R1	9606.ENSP00000341189	9606.ENSP00000428056	0	0	0	0	0.042	0.785	0.900	0.489	0.988
PTK2	PTEN	9606.ENSP00000341189	9606.ENSP00000361021	0	0	0	0	0	0.801	0.900	0.808	0.995
RAD50	NBN	9606.ENSP00000368100	9606.ENSP00000265433	0	0	0	0	0.126	0.994	0.900	0.994	0.999
RAD50	TP53	9606.ENSP00000368100	9606.ENSP00000269305	0	0	0	0	0.078	0.253	0.500	0.256	0.709
RAD50	ATM	9606.ENSP00000368100	9606.ENSP00000278616	0	0	0	0	0.105	0.730	0.900	0.635	0.990
RAD50	BLM	9606.ENSP00000368100	9606.ENSP00000347232	0.052	0	0	0	0.103	0.724	0.500	0.423	0.920
RAD50	BRCA2	9606.ENSP00000368100	9606.ENSP00000369497	0	0	0	0	0.118	0.292	0.500	0.321	0.759
RAD50	H2AX	9606.ENSP00000368100	9606.ENSP00000434024	0	0	0	0	0	0.809	0.500	0.365	0.934
RAD50	BRCA1	9606.ENSP00000368100	9606.ENSP00000418960	0	0	0	0	0.072	0.994	0.540	0.762	0.999
RAD9A	MSH2	9606.ENSP00000311360	9606.ENSP00000233146	0	0	0	0	0.075	0.292	0	0.622	0.731
RAD9A	HUS1	9606.ENSP00000311360	9606.ENSP00000258774	0	0	0	0	0	0.995	0.800	0.999	0.999
RAD9A	TOPBP1	9606.ENSP00000311360	9606.ENSP00000260810	0	0	0	0	0	0.961	0.500	0.995	0.999
RAD9A	NBN	9606.ENSP00000311360	9606.ENSP00000265433	0	0	0	0	0	0	0.500	0.477	0.727
RAD9A	TP53	9606.ENSP00000311360	9606.ENSP00000269305	0	0	0	0	0.057	0	0.400	0.697	0.813
RAD9A	ATM	9606.ENSP00000311360	9606.ENSP00000278616	0	0	0	0	0	0.473	0.500	0.865	0.961
RAD9A	BLM	9606.ENSP00000311360	9606.ENSP00000347232	0	0	0	0	0.087	0.129	0.500	0.408	0.733
RAD9A	H2AX	9606.ENSP00000311360	9606.ENSP00000434024	0	0	0	0	0.047	0.052	0	0.763	0.767
RAD9A	BRCA1	9606.ENSP00000311360	9606.ENSP00000418960	0	0	0	0	0.074	0.421	0.500	0.656	0.895
RAD9A	BRCA2	9606.ENSP00000311360	9606.ENSP00000369497	0	0	0	0	0.042	0.136	0.500	0.855	0.931
RAD9A	CHEK1	9606.ENSP00000311360	9606.ENSP00000391090	0	0	0	0	0	0	0.500	0.930	0.963
RAD9A	ATRIP	9606.ENSP00000311360	9606.ENSP00000323099	0	0	0	0	0.081	0	0.500	0.985	0.992
RB1	CCND1	9606.ENSP00000267163	9606.ENSP00000227507	0	0	0	0	0	0.932	0.900	0.831	0.998
RB1	CDKN1B	9606.ENSP00000267163	9606.ENSP00000228872	0	0	0	0	0.049	0.096	0.500	0.626	0.818
RB1	CDK4	9606.ENSP00000267163	9606.ENSP00000257904	0	0	0	0	0.077	0.994	0.900	0.984	0.999
RB1	MDM2	9606.ENSP00000267163	9606.ENSP00000258149	0	0	0	0	0.042	0.889	0.900	0.925	0.999
RB1	CDK2	9606.ENSP00000267163	9606.ENSP00000266970	0	0	0	0	0.095	0.991	0.900	0.821	0.999
RB1	PTEN	9606.ENSP00000267163	9606.ENSP00000361021	0	0	0	0	0.105	0	0	0.715	0.734
RB1	PGR	9606.ENSP00000267163	9606.ENSP00000325120	0	0	0	0	0.087	0.053	0	0.768	0.782
RB1	ARID1A	9606.ENSP00000267163	9606.ENSP00000320485	0	0	0	0	0.044	0	0.720	0.265	0.786
RB1	CDKN2A	9606.ENSP00000267163	9606.ENSP00000418915	0	0	0	0	0	0.052	0	0.842	0.843
RB1	BRCA1	9606.ENSP00000267163	9606.ENSP00000418960	0	0	0	0	0.070	0.727	0	0.485	0.858
RB1	CDKN1A	9606.ENSP00000267163	9606.ENSP00000384849	0	0	0	0	0	0.332	0.500	0.658	0.876
RB1	AR	9606.ENSP00000267163	9606.ENSP00000363822	0	0	0	0	0	0.629	0.500	0.397	0.878
RB1	MYC	9606.ENSP00000267163	9606.ENSP00000478887	0	0	0	0	0.042	0.594	0	0.736	0.888
RB1	TP53	9606.ENSP00000267163	9606.ENSP00000269305	0	0	0	0	0.064	0.510	0	0.872	0.936
RB1	ABL1	9606.ENSP00000267163	9606.ENSP00000361423	0	0	0	0	0.049	0.736	0.900	0.312	0.980
RB1	E2F1	9606.ENSP00000267163	9606.ENSP00000345571	0	0	0	0	0.067	0.999	0.900	0.995	0.999
SHC4	GAB1	9606.ENSP00000329668	9606.ENSP00000262995	0	0	0	0	0	0.049	0.900	0.088	0.905
SHC4	ERBB2	9606.ENSP00000329668	9606.ENSP00000269571	0	0	0	0	0	0.387	0.900	0.191	0.946
SHC4	EGFR	9606.ENSP00000329668	9606.ENSP00000275493	0	0	0	0	0	0.857	0.900	0.251	0.988
SHC4	ABL1	9606.ENSP00000329668	9606.ENSP00000361423	0	0	0	0.553	0	0.073	0.900	0.059	0.905
SHC4	PTK2	9606.ENSP00000329668	9606.ENSP00000341189	0	0	0	0	0	0	0.900	0.133	0.909
STK11	MLH1	9606.ENSP00000324856	9606.ENSP00000231790	0	0	0	0	0.055	0	0	0.726	0.730
STK11	KRAS	9606.ENSP00000324856	9606.ENSP00000256078	0	0	0	0	0.054	0.090	0	0.872	0.880
STK11	MDM2	9606.ENSP00000324856	9606.ENSP00000258149	0	0	0	0	0.045	0.470	0	0.500	0.725
STK11	PIK3CA	9606.ENSP00000324856	9606.ENSP00000263967	0	0	0	0	0.049	0.178	0	0.817	0.844
STK11	PMS2	9606.ENSP00000324856	9606.ENSP00000265849	0	0	0	0	0.049	0	0	0.710	0.712
STK11	TP53	9606.ENSP00000324856	9606.ENSP00000269305	0	0	0	0	0.070	0.621	0.500	0.852	0.970
STK11	ATM	9606.ENSP00000324856	9606.ENSP00000278616	0	0	0	0	0.074	0.292	0	0.846	0.890
STK11	NF1	9606.ENSP00000324856	9606.ENSP00000351015	0	0	0	0	0.083	0.051	0	0.712	0.728
STK11	BRCA1	9606.ENSP00000324856	9606.ENSP00000418960	0	0	0	0	0.069	0	0	0.732	0.740
STK11	MYC	9606.ENSP00000324856	9606.ENSP00000478887	0	0	0	0	0.055	0.175	0	0.734	0.774
STK11	CDKN2A	9606.ENSP00000324856	9606.ENSP00000418915	0	0	0	0	0	0.186	0	0.793	0.824
STK11	BRCA2	9606.ENSP00000324856	9606.ENSP00000369497	0	0	0	0	0	0	0	0.830	0.830
STK11	PTEN	9606.ENSP00000324856	9606.ENSP00000361021	0	0	0	0	0	0.331	0	0.971	0.979
TOPBP1	HUS1	9606.ENSP00000260810	9606.ENSP00000258774	0	0	0	0	0.049	0.363	0.500	0.990	0.996
TOPBP1	PLK1	9606.ENSP00000260810	9606.ENSP00000300093	0	0	0	0	0.122	0.633	0	0.468	0.814
TOPBP1	BRCA2	9606.ENSP00000260810	9606.ENSP00000369497	0	0	0	0	0.179	0	0.500	0.653	0.845
TOPBP1	BLM	9606.ENSP00000260810	9606.ENSP00000347232	0	0	0	0	0.204	0.543	0.500	0.505	0.898
TOPBP1	NBN	9606.ENSP00000260810	9606.ENSP00000265433	0	0	0	0	0.072	0.583	0.500	0.645	0.922
TOPBP1	TP53	9606.ENSP00000260810	9606.ENSP00000269305	0	0	0	0	0	0.619	0.400	0.796	0.949
TOPBP1	ATM	9606.ENSP00000260810	9606.ENSP00000278616	0	0	0	0	0.096	0.534	0.500	0.810	0.954
TOPBP1	CHEK1	9606.ENSP00000260810	9606.ENSP00000391090	0	0	0	0	0.163	0.356	0.800	0.916	0.989
TOPBP1	E2F1	9606.ENSP00000260810	9606.ENSP00000345571	0	0	0	0	0.086	0.835	0	0.946	0.991
TOPBP1	ATRIP	9606.ENSP00000260810	9606.ENSP00000323099	0	0	0	0	0.062	0.710	0.500	0.998	0.999
TOPBP1	RAD9A	9606.ENSP00000260810	9606.ENSP00000311360	0	0	0	0	0	0.961	0.500	0.995	0.999
TOPBP1	BRCA1	9606.ENSP00000260810	9606.ENSP00000418960	0	0	0	0	0.280	0.994	0.540	0.900	0.999
TP53	CCND1	9606.ENSP00000269305	9606.ENSP00000227507	0	0	0	0	0	0.292	0	0.928	0.946
TP53	CDKN1B	9606.ENSP00000269305	9606.ENSP00000228872	0	0	0	0	0	0.076	0.900	0.911	0.991
TP53	MLH1	9606.ENSP00000269305	9606.ENSP00000231790	0	0	0	0	0	0	0.750	0.867	0.965
TP53	MSH2	9606.ENSP00000269305	9606.ENSP00000233146	0	0	0	0	0.061	0.599	0.500	0.882	0.974
TP53	KRAS	9606.ENSP00000269305	9606.ENSP00000256078	0	0	0	0	0.074	0	0	0.947	0.949
TP53	CDK4	9606.ENSP00000269305	9606.ENSP00000257904	0	0	0	0	0.117	0.554	0	0.922	0.966
TP53	MDM2	9606.ENSP00000269305	9606.ENSP00000258149	0	0	0	0	0.116	0.999	0.900	0.999	0.999
TP53	HUS1	9606.ENSP00000269305	9606.ENSP00000258774	0	0	0	0	0	0	0.400	0.541	0.712
TP53	TOPBP1	9606.ENSP00000269305	9606.ENSP00000260810	0	0	0	0	0	0.619	0.400	0.796	0.949
TP53	PIK3CA	9606.ENSP00000269305	9606.ENSP00000263967	0	0	0	0	0	0.292	0	0.920	0.941
TP53	NBN	9606.ENSP00000269305	9606.ENSP00000265433	0	0	0	0	0	0.166	0.500	0.479	0.763
TP53	PMS2	9606.ENSP00000269305	9606.ENSP00000265849	0	0	0	0	0.049	0.164	0.750	0.719	0.936
TP53	CDK2	9606.ENSP00000269305	9606.ENSP00000266970	0	0	0	0	0.093	0.778	0.500	0.891	0.987
TP53	RB1	9606.ENSP00000269305	9606.ENSP00000267163	0	0	0	0	0.064	0.510	0	0.872	0.936
TP53	PMS1	9606.ENSP00000269305	9606.ENSP00000406490	0	0	0	0	0.049	0.164	0	0.660	0.706
TP53	RAD50	9606.ENSP00000269305	9606.ENSP00000368100	0	0	0	0	0.078	0.253	0.500	0.256	0.709
TP53	XPA	9606.ENSP00000269305	9606.ENSP00000364270	0	0	0	0	0	0	0	0.738	0.738
TP53	NOTCH1	9606.ENSP00000269305	9606.ENSP00000498587	0	0	0	0	0.049	0.045	0	0.786	0.789
TP53	ZNF420	9606.ENSP00000269305	9606.ENSP00000338770	0	0	0	0	0.086	0.512	0.500	0.204	0.799
TP53	LOC102723407	9606.ENSP00000269305	9606.ENSP00000478289	0	0	0	0	0	0	0	0.813	0.813
TP53	RAD9A	9606.ENSP00000269305	9606.ENSP00000311360	0	0	0	0	0.057	0	0.400	0.697	0.813
TP53	ATRIP	9606.ENSP00000269305	9606.ENSP00000323099	0	0	0	0	0	0	0.400	0.744	0.840
TP53	PGR	9606.ENSP00000269305	9606.ENSP00000325120	0	0	0	0	0	0	0	0.849	0.849
TP53	PIK3R1	9606.ENSP00000269305	9606.ENSP00000428056	0	0	0	0	0	0	0	0.853	0.853
TP53	CDC25A	9606.ENSP00000269305	9606.ENSP00000303706	0	0	0	0	0.067	0	0	0.858	0.861
TP53	FANCC	9606.ENSP00000269305	9606.ENSP00000289081	0	0	0	0	0	0	0.750	0.506	0.871
TP53	NF1	9606.ENSP00000269305	9606.ENSP00000351015	0	0	0	0	0	0	0	0.880	0.880
TP53	H2AX	9606.ENSP00000269305	9606.ENSP00000434024	0	0	0	0	0.047	0.292	0	0.854	0.892
TP53	AR	9606.ENSP00000269305	9606.ENSP00000363822	0	0	0	0	0	0.439	0	0.838	0.905
TP53	ABL1	9606.ENSP00000269305	9606.ENSP00000361423	0	0	0	0	0.056	0.292	0	0.875	0.909
TP53	HRAS	9606.ENSP00000269305	9606.ENSP00000407586	0	0	0	0	0.083	0.292	0	0.894	0.925
TP53	PTK2	9606.ENSP00000269305	9606.ENSP00000341189	0	0	0	0	0	0.829	0	0.596	0.928
TP53	BLM	9606.ENSP00000269305	9606.ENSP00000347232	0	0	0	0	0.059	0.844	0.400	0.324	0.932
TP53	ERBB2	9606.ENSP00000269305	9606.ENSP00000269571	0	0	0	0	0.060	0.172	0	0.924	0.935
TP53	EGFR	9606.ENSP00000269305	9606.ENSP00000275493	0	0	0	0	0	0.329	0	0.919	0.943
TP53	ARID1A	9606.ENSP00000269305	9606.ENSP00000320485	0	0	0	0	0.067	0.292	0	0.945	0.961
TP53	STK11	9606.ENSP00000269305	9606.ENSP00000324856	0	0	0	0	0.070	0.621	0.500	0.852	0.970
TP53	PARP1	9606.ENSP00000269305	9606.ENSP00000355759	0	0	0	0	0.067	0.794	0	0.870	0.972
TP53	PLK1	9606.ENSP00000269305	9606.ENSP00000300093	0	0	0	0	0.073	0.737	0	0.930	0.981
TP53	E2F1	9606.ENSP00000269305	9606.ENSP00000345571	0	0	0	0	0	0.510	0	0.974	0.986
TP53	ESR1	9606.ENSP00000269305	9606.ENSP00000405330	0	0	0	0	0	0.735	0	0.974	0.992
TP53	BRCA2	9606.ENSP00000269305	9606.ENSP00000369497	0	0	0	0	0.066	0.828	0	0.974	0.995
TP53	CHEK1	9606.ENSP00000269305	9606.ENSP00000391090	0	0	0	0	0.074	0.783	0.900	0.906	0.997
TP53	PRKDC	9606.ENSP00000269305	9606.ENSP00000313420	0	0	0	0	0.042	0.869	0.900	0.807	0.997
TP53	MYC	9606.ENSP00000269305	9606.ENSP00000478887	0	0	0	0	0.067	0.300	0	0.997	0.997
TP53	ATM	9606.ENSP00000269305	9606.ENSP00000278616	0	0	0	0	0.103	0.928	0.900	0.975	0.999
TP53	BRCA1	9606.ENSP00000269305	9606.ENSP00000418960	0	0	0	0	0.067	0.895	0.500	0.999	0.999
TP53	CDKN1A	9606.ENSP00000269305	9606.ENSP00000384849	0	0	0	0	0	0.925	0.900	0.960	0.999
TP53	CDKN2A	9606.ENSP00000269305	9606.ENSP00000418915	0	0	0	0	0	0.874	0.900	0.970	0.999
TP53	PTEN	9606.ENSP00000269305	9606.ENSP00000361021	0	0	0	0	0.067	0.748	0.900	0.968	0.999
XPA	MLH1	9606.ENSP00000364270	9606.ENSP00000231790	0	0	0	0	0.049	0.190	0.540	0.597	0.838
XPA	MSH2	9606.ENSP00000364270	9606.ENSP00000233146	0	0	0	0	0.056	0.359	0.540	0.709	0.908
XPA	PMS2	9606.ENSP00000364270	9606.ENSP00000265849	0	0.345	0	0	0.049	0.198	0.540	0.621	0.897
XPA	TP53	9606.ENSP00000364270	9606.ENSP00000269305	0	0	0	0	0	0	0	0.738	0.738
XPA	ATM	9606.ENSP00000364270	9606.ENSP00000278616	0	0	0	0	0	0.292	0.540	0.740	0.908
XPA	PRKDC	9606.ENSP00000364270	9606.ENSP00000313420	0	0	0	0	0	0.519	0.540	0.513	0.883
XPA	PARP1	9606.ENSP00000364270	9606.ENSP00000355759	0	0	0	0	0	0	0.500	0.613	0.798
XPA	PMS1	9606.ENSP00000364270	9606.ENSP00000406490	0	0	0	0	0.060	0.100	0.540	0.500	0.779
XPA	BRCA2	9606.ENSP00000364270	9606.ENSP00000369497	0	0	0	0	0	0	0.540	0.596	0.806
XPA	BRCA1	9606.ENSP00000364270	9606.ENSP00000418960	0	0	0	0	0	0	0.540	0.748	0.879
XRCC2	NBN	9606.ENSP00000352271	9606.ENSP00000265433	0	0	0	0	0.048	0	0.500	0.434	0.707
XRCC2	PMS2	9606.ENSP00000352271	9606.ENSP00000265849	0	0	0	0	0.106	0	0	0.743	0.760
XRCC2	ATM	9606.ENSP00000352271	9606.ENSP00000278616	0	0	0	0	0.062	0	0.500	0.644	0.818
XRCC2	BLM	9606.ENSP00000352271	9606.ENSP00000347232	0	0	0	0	0.170	0.292	0.500	0.367	0.789
XRCC2	BRCA1	9606.ENSP00000352271	9606.ENSP00000418960	0	0	0	0	0.186	0	0.500	0.897	0.954
XRCC2	BRCA2	9606.ENSP00000352271	9606.ENSP00000369497	0	0	0	0	0.123	0.098	0.500	0.960	0.982
ZNF420	TP53	9606.ENSP00000338770	9606.ENSP00000269305	0	0	0	0	0.086	0.512	0.500	0.204	0.799
ZNF420	ATM	9606.ENSP00000338770	9606.ENSP00000278616	0	0	0	0	0.057	0	0.750	0.532	0.880
